Province,City/Municipality,Barangay,Street/Subdivision,Vicinity,Classification,ZV/SQM
ZAMBOANGA DEL SUR,ZAMBOANGA CITY,POBLACION (ZONE 1),ALEJO ALVAREZ ST,R.T.LIM BLVD - SAN JOSE,CR,22100.0
ZAMBOANGA DEL SUR,ZAMBOANGA CITY,POBLACION (ZONE 1),ALEJO ALVAREZ ST,R.T.LIM BLVD - SAN JOSE,RR,12700.0
ZAMBOANGA DEL SUR,ZAMBOANGA CITY,POBLACION (ZONE 1),ALEJO ALVAREZ ST,INTERIOR LOT,RR,6400.0
ZAMBOANGA DEL SUR,ZAMBOANGA CITY,POBLACION (ZONE 1),CARMEN ST VARELA ST,R.T.LIM BLVD - SAN JOSE,CR,22200.0
ZAMBOANGA DEL SUR,ZAMBOANGA CITY,POBLACION (ZONE 1),CARMEN ST VARELA ST,R.T.LIM BLVD - SAN JOSE,RR,12700.0
ZAMBOANGA DEL SUR,ZAMBOANGA CITY,POBLACION (ZONE 1),CARMEN ST VARELA ST,INTERIOR LOT,RR,6400.0
ZAMBOANGA DEL SUR,ZAMBOANGA CITY,POBLACION (ZONE 1),CAWACAWA PC CPD,R.T.LIM BLVD - ALEJO ALVAREZ ST,CR,21400.0
ZAMBOANGA DEL SUR,ZAMBOANGA CITY,POBLACION (ZONE 1),CAWACAWA PC CPD,R.T.LIM BLVD - ALEJO ALVAREZ ST,X,21300.0
ZAMBOANGA DEL SUR,ZAMBOANGA CITY,POBLACION (ZONE 1),CAWACAWA PC CPD,INTERIOR LOT,RR,5600.0
ZAMBOANGA DEL SUR,ZAMBOANGA CITY,POBLACION (ZONE 1),CLIMACO AVE,LEDESMA ST - GOV. LIM AVE.,CR,29700.0
ZAMBOANGA DEL SUR,ZAMBOANGA CITY,POBLACION (ZONE 1),GOV. LIM AVE,CLIMACO AVE - MAGAY ST,CR,23000.0
ZAMBOANGA DEL SUR,ZAMBOANGA CITY,POBLACION (ZONE 1),GOV. LIM AVE,CLIMACO AVE - MAGAY ST,RR,13600.0
ZAMBOANGA DEL SUR,ZAMBOANGA CITY,POBLACION (ZONE 1),MAGAY ST,GOV. LIM AVE-R.T LIM BLVD,CR,22200.0
ZAMBOANGA DEL SUR,ZAMBOANGA CITY,POBLACION (ZONE 1),MERCADO ST,T. CLAUDIO - GOV. LIM,CR,23000.0
ZAMBOANGA DEL SUR,ZAMBOANGA CITY,POBLACION (ZONE 1),MERCADO ST,T. CLAUDIO - GOV. LIM,RR,10300.0
ZAMBOANGA DEL SUR,ZAMBOANGA CITY,POBLACION (ZONE 1),M. CALIXTO ST,MAGAY ST - SAN JOSE RD,CR,23300.0
ZAMBOANGA DEL SUR,ZAMBOANGA CITY,POBLACION (ZONE 1),M. CALIXTO ST,MAGAY ST - SAN JOSE RD,RR,10300.0
ZAMBOANGA DEL SUR,ZAMBOANGA CITY,POBLACION (ZONE 1),R. T. LIM BLVD,MAGAY ST - A. ALVAREZ ST,CR,21900.0
ZAMBOANGA DEL SUR,ZAMBOANGA CITY,POBLACION (ZONE 1),R. T. LIM BLVD,MAGAY ST - A. ALVAREZ ST,RR,13300.0
ZAMBOANGA DEL SUR,ZAMBOANGA CITY,POBLACION (ZONE 1),TOMAS CLAUDIO ST,CLIMACO AVE - VARELA ST,CR,22700.0
ZAMBOANGA DEL SUR,ZAMBOANGA CITY,POBLACION (ZONE 1),TOMAS CLAUDIO ST,CLIMACO AVE - VARELA ST,RR,10200.0
ZAMBOANGA DEL SUR,ZAMBOANGA CITY,POBLACION (ZONE 1),ALL OTHER STREETS,ZONE I BARANGAY POBLACION,CR,21400.0
ZAMBOANGA DEL SUR,ZAMBOANGA CITY,POBLACION (ZONE 1),ALL OTHER STREETS,ZONE I BARANGAY POBLACION,RR,10000.0
ZAMBOANGA DEL SUR,ZAMBOANGA CITY,POBLACION (ZONE 1),ALL OTHER STREETS,INTERIOR LOT,RR,5200.0
ZAMBOANGA DEL SUR,ZAMBOANGA CITY,POBLACION (ZONE 2),P. BRILLANTES ST,CLIMACO AVE - LA PURISIMA ST,CR,23300.0
ZAMBOANGA DEL SUR,ZAMBOANGA CITY,POBLACION (ZONE 2),P. BRILLANTES ST,CLIMACO AVE - LA PURISIMA ST,X,23200.0
ZAMBOANGA DEL SUR,ZAMBOANGA CITY,POBLACION (ZONE 2),BARCELONA ST,GOV. LIM AVE- P. BRILLANTES ST,CR,23200.0
ZAMBOANGA DEL SUR,ZAMBOANGA CITY,POBLACION (ZONE 2),BARCELONA ST,GOV. LIM AVE- P. BRILLANTES ST,RR,10400.0
ZAMBOANGA DEL SUR,ZAMBOANGA CITY,POBLACION (ZONE 2),BUENAVISTA ST,SAN JOSE RD - M. JALDON ST,CR,22800.0
ZAMBOANGA DEL SUR,ZAMBOANGA CITY,POBLACION (ZONE 2),BUENAVISTA ST,SAN JOSE RD - M. JALDON ST,RR,9200.0
ZAMBOANGA DEL SUR,ZAMBOANGA CITY,POBLACION (ZONE 2),BUENAVISTA ST,INTERIOR LOT,RR,6700.0
ZAMBOANGA DEL SUR,ZAMBOANGA CITY,POBLACION (ZONE 2),CAMPANER ST,LA PURISIMA ST - BRILLANTES ST,CR,23500.0
ZAMBOANGA DEL SUR,ZAMBOANGA CITY,POBLACION (ZONE 2),CAMPANER ST,LA PURISIMA ST - BRILLANTES ST,RR,12900.0
ZAMBOANGA DEL SUR,ZAMBOANGA CITY,POBLACION (ZONE 2),CAMPANER INTERIOR,BRILLANTES - LA PURISIMA ST,CR,21700.0
ZAMBOANGA DEL SUR,ZAMBOANGA CITY,POBLACION (ZONE 2),CAMPANER INTERIOR,BRILLANTES - LA PURISIMA ST,RR,10200.0
ZAMBOANGA DEL SUR,ZAMBOANGA CITY,POBLACION (ZONE 2),CAMPANER INTERIOR,INTERIOR LOT,RR,6700.0
ZAMBOANGA DEL SUR,ZAMBOANGA CITY,POBLACION (ZONE 2),CLIMACO AVE,JUNCTION - GOV. LIM AVE,CR,32800.0
ZAMBOANGA DEL SUR,ZAMBOANGA CITY,POBLACION (ZONE 2),MAYOR JALDON ST,SAN JOSE - CLIMACO AVE,CR,22000.0
ZAMBOANGA DEL SUR,ZAMBOANGA CITY,POBLACION (ZONE 2),MAYOR JALDON ST,SAN JOSE - CLIMACO AVE,RR,10400.0
ZAMBOANGA DEL SUR,ZAMBOANGA CITY,POBLACION (ZONE 2),MAYOR JALDON ST,INTERIOR LOT,RR,8500.0
ZAMBOANGA DEL SUR,ZAMBOANGA CITY,POBLACION (ZONE 2),GOV. ALVAREZ,M. JALDON - LA PURISIMA ST,CR,21900.0
ZAMBOANGA DEL SUR,ZAMBOANGA CITY,POBLACION (ZONE 2),GOV. ALVAREZ,M. JALDON - LA PURISIMA ST,RR,8400.0
ZAMBOANGA DEL SUR,ZAMBOANGA CITY,POBLACION (ZONE 2),GOV. ALVAREZ,INTERIOR LOT,RR,6700.0
ZAMBOANGA DEL SUR,ZAMBOANGA CITY,POBLACION (ZONE 2),GOV. LIM AVE,CLIMACO AVE - LA PURISIMA ST,CR,23400.0
ZAMBOANGA DEL SUR,ZAMBOANGA CITY,POBLACION (ZONE 2),GOV. LIM AVE,CLIMACO AVE - LA PURISIMA ST,RR,13200.0
ZAMBOANGA DEL SUR,ZAMBOANGA CITY,POBLACION (ZONE 2),GOV. LIM AVE,INTERIOR LOT,RR,7600.0
ZAMBOANGA DEL SUR,ZAMBOANGA CITY,POBLACION (ZONE 2),LA PURISIMA ST,CAMPANER ST- GOV. LIM AVE,CR,37200.0
ZAMBOANGA DEL SUR,ZAMBOANGA CITY,POBLACION (ZONE 2),LA PURISIMA ST,CAMPANER ST- GOV. LIM AVE,X,22100.0
ZAMBOANGA DEL SUR,ZAMBOANGA CITY,POBLACION (ZONE 2),LA PURISIMA ST,CAMPANER ST- GOV. LIM AVE,RR,19300.0
ZAMBOANGA DEL SUR,ZAMBOANGA CITY,POBLACION (ZONE 2),LA PURISIMA ST,INTERIOR LOT,RR,9400.0
ZAMBOANGA DEL SUR,ZAMBOANGA CITY,POBLACION (ZONE 2),LA PURISIMA ST,GOV. ALVAREZ - CAMPANER ST,CR,23000.0
ZAMBOANGA DEL SUR,ZAMBOANGA CITY,POBLACION (ZONE 2),LA PURISIMA ST,GOV. ALVAREZ - CAMPANER ST,RR,12900.0
ZAMBOANGA DEL SUR,ZAMBOANGA CITY,POBLACION (ZONE 2),LA PURISIMA ST,INTERIOR LOT,RR,6100.0
ZAMBOANGA DEL SUR,ZAMBOANGA CITY,POBLACION (ZONE 2),P. REYES ST,GOV. LIM - BRILLANTES ST,CR,23200.0
ZAMBOANGA DEL SUR,ZAMBOANGA CITY,POBLACION (ZONE 2),P. REYES ST,GOV. LIM - BRILLANTES ST,RR,13200.0
ZAMBOANGA DEL SUR,ZAMBOANGA CITY,POBLACION (ZONE 2),LEDESMA ST (FORMERLY SAN JOSE ST),C. CLIMACO AVE - G. ALVAREZ,CR,22100.0
ZAMBOANGA DEL SUR,ZAMBOANGA CITY,POBLACION (ZONE 2),LEDESMA ST (FORMERLY SAN JOSE ST),C. CLIMACO AVE - G. ALVAREZ,RR,21000.0
ZAMBOANGA DEL SUR,ZAMBOANGA CITY,POBLACION (ZONE 2),LEDESMA ST (FORMERLY SAN JOSE ST),C. CLIMACO AVE - G. ALVAREZ,X,14500.0
ZAMBOANGA DEL SUR,ZAMBOANGA CITY,POBLACION (ZONE 2),TOMAS CLAUDIO ST,CLIMACO AVE - LA PURISIMA ST,CR,23200.0
ZAMBOANGA DEL SUR,ZAMBOANGA CITY,POBLACION (ZONE 2),TOMAS CLAUDIO ST,CLIMACO AVE - LA PURISIMA ST,RR,13500.0
ZAMBOANGA DEL SUR,ZAMBOANGA CITY,POBLACION (ZONE 2),URDANETA ST,GOV. LIM - BRILLANTES ST,CR,23200.0
ZAMBOANGA DEL SUR,ZAMBOANGA CITY,POBLACION (ZONE 2),URDANETA ST,GOV. LIM - BRILLANTES ST,RR,13500.0
ZAMBOANGA DEL SUR,ZAMBOANGA CITY,POBLACION (ZONE 2),ALL OTHER STREETS,ZONE 2 BARANGAY POBLACION,CR,21600.0
ZAMBOANGA DEL SUR,ZAMBOANGA CITY,POBLACION (ZONE 2),ALL OTHER STREETS,ZONE 2 BARANGAY POBLACION,RR,8700.0
ZAMBOANGA DEL SUR,ZAMBOANGA CITY,POBLACION (ZONE 2),ALL OTHER STREETS,INTERIOR LOT,RR,6600.0
ZAMBOANGA DEL SUR,ZAMBOANGA CITY,POBLACION (ZONE 3),ALMONTE ST,GOV. LIM - T. CLAUDIO ST,CR,22300.0
ZAMBOANGA DEL SUR,ZAMBOANGA CITY,POBLACION (ZONE 3),CAMANCHILE DRIVE,NUNEZ ST - VETERANS AVE,CR,21000.0
ZAMBOANGA DEL SUR,ZAMBOANGA CITY,POBLACION (ZONE 3),CAMANCHILE DRIVE,NUNEZ ST - VETERANS AVE,RR,7800.0
ZAMBOANGA DEL SUR,ZAMBOANGA CITY,POBLACION (ZONE 3),CAMANCHILE DRIVE,INTERIOR LOT,RR,5500.0
ZAMBOANGA DEL SUR,ZAMBOANGA CITY,POBLACION (ZONE 3),CAMPANER ST,LA PURISIMA ST- NUÑEZ ST.,CR,32300.0
ZAMBOANGA DEL SUR,ZAMBOANGA CITY,POBLACION (ZONE 3),CAMPANER ST,LA PURISIMA ST- NUÑEZ ST.,RR,10200.0
ZAMBOANGA DEL SUR,ZAMBOANGA CITY,POBLACION (ZONE 3),CAMPANER ST,NUNEZ ST - VETERANS AVE,CR,23000.0
ZAMBOANGA DEL SUR,ZAMBOANGA CITY,POBLACION (ZONE 3),CAMPANER ST,NUNEZ ST - VETERANS AVE,RR,13200.0
ZAMBOANGA DEL SUR,ZAMBOANGA CITY,POBLACION (ZONE 3),CAMPANER ST,INTERIOR LOT,RR,6200.0
ZAMBOANGA DEL SUR,ZAMBOANGA CITY,POBLACION (ZONE 3),GOV. ALVAREZ,LA PURISIMA ST- VETERANS AVE,CR,21400.0
ZAMBOANGA DEL SUR,ZAMBOANGA CITY,POBLACION (ZONE 3),GOV. ALVAREZ,LA PURISIMA ST- VETERANS AVE,X,22100.0
ZAMBOANGA DEL SUR,ZAMBOANGA CITY,POBLACION (ZONE 3),GOV. ALVAREZ,LA PURISIMA ST- VETERANS AVE,RR,8000.0
ZAMBOANGA DEL SUR,ZAMBOANGA CITY,POBLACION (ZONE 3),GOV. LIM AVE,LA PURISIMA ST - VETERANS AVE,CR,22900.0
ZAMBOANGA DEL SUR,ZAMBOANGA CITY,POBLACION (ZONE 3),GOV. LIM AVE,LA PURISIMA ST - VETERANS AVE,RR,13400.0
ZAMBOANGA DEL SUR,ZAMBOANGA CITY,POBLACION (ZONE 3),GOV. LIM AVE,LA PURISIMA ST - VETERANS AVE,X,22900.0
ZAMBOANGA DEL SUR,ZAMBOANGA CITY,POBLACION (ZONE 3),LA PURISIMA ST,GOV. LIM-CAMPANER ST,CR,34000.0
ZAMBOANGA DEL SUR,ZAMBOANGA CITY,POBLACION (ZONE 3),LA PURISIMA ST,GOV. LIM-CAMPANER ST,RR,19800.0
ZAMBOANGA DEL SUR,ZAMBOANGA CITY,POBLACION (ZONE 3),LA PURISIMA ST,INTERIOR LOT,RR,9300.0
ZAMBOANGA DEL SUR,ZAMBOANGA CITY,POBLACION (ZONE 3),LA PURISIMA ST,CAMPANER ST - GOV. ALVAREZ,CR,23000.0
ZAMBOANGA DEL SUR,ZAMBOANGA CITY,POBLACION (ZONE 3),LA PURISIMA ST,CAMPANER ST - GOV. ALVAREZ,X,22100.0
ZAMBOANGA DEL SUR,ZAMBOANGA CITY,POBLACION (ZONE 3),LA PURISIMA ST,CAMPANER ST - GOV. ALVAREZ,RR,13100.0
ZAMBOANGA DEL SUR,ZAMBOANGA CITY,POBLACION (ZONE 3),LA PURISIMA ST,INTERIOR LOT,RR,6400.0
ZAMBOANGA DEL SUR,ZAMBOANGA CITY,POBLACION (ZONE 3),NUNEZ ST,GOV. LIM AVE- GOV. ALVAREZ,CR,23500.0
ZAMBOANGA DEL SUR,ZAMBOANGA CITY,POBLACION (ZONE 3),NUNEZ ST,GOV. LIM AVE- GOV. ALVAREZ,RR,16500.0
ZAMBOANGA DEL SUR,ZAMBOANGA CITY,POBLACION (ZONE 3),NUNEZ ST,GOV. LIM AVE- GOV. ALVAREZ,X,22900.0
ZAMBOANGA DEL SUR,ZAMBOANGA CITY,POBLACION (ZONE 3),NUNEZ ST,INTERIOR LOT,RR,11300.0
ZAMBOANGA DEL SUR,ZAMBOANGA CITY,POBLACION (ZONE 3),TOMAS CLAUDIO ST,LA PURISIMA ST - VETERANS AVE,CR,22400.0
ZAMBOANGA DEL SUR,ZAMBOANGA CITY,POBLACION (ZONE 3),TOMAS CLAUDIO ST,LA PURISIMA ST - VETERANS AVE,RR,12100.0
ZAMBOANGA DEL SUR,ZAMBOANGA CITY,POBLACION (ZONE 3),VETERANS AVE,GOV. LIM AVE - GOV. ALVAREZ,CR,23000.0
ZAMBOANGA DEL SUR,ZAMBOANGA CITY,POBLACION (ZONE 3),VETERANS AVE,GOV. LIM AVE - GOV. ALVAREZ,RR,13500.0
ZAMBOANGA DEL SUR,ZAMBOANGA CITY,POBLACION (ZONE 3),VETERANS AVE,INTERIOR LOT,RR,3500.0
ZAMBOANGA DEL SUR,ZAMBOANGA CITY,POBLACION (ZONE 3),D FOREST,DR. P. RODRIGUEZ SR. (CAMPANER)-T. CLAUDIO ST.,CR,23000.0
ZAMBOANGA DEL SUR,ZAMBOANGA CITY,POBLACION (ZONE 3),D FOREST,DR. P. RODRIGUEZ SR. (CAMPANER)-T. CLAUDIO ST.,RR,13100.0
ZAMBOANGA DEL SUR,ZAMBOANGA CITY,POBLACION (ZONE 3),D FOREST,INTERIOR LOT,RR,6400.0
ZAMBOANGA DEL SUR,ZAMBOANGA CITY,POBLACION (ZONE 3),GENERAL WOOD ST.,GOV. LIM AVE.- T. CLAUDIO ST.,CR,23000.0
ZAMBOANGA DEL SUR,ZAMBOANGA CITY,POBLACION (ZONE 3),GENERAL WOOD ST.,GOV. LIM AVE.- T. CLAUDIO ST.,RR,13100.0
ZAMBOANGA DEL SUR,ZAMBOANGA CITY,POBLACION (ZONE 3),GENERAL WOOD ST.,INTERIOR LOT,RR,6400.0
ZAMBOANGA DEL SUR,ZAMBOANGA CITY,POBLACION (ZONE 3),SAAVEDRA ST,GOV. LIM AVE.- T. CLAUDIO ST.,CR,23000.0
ZAMBOANGA DEL SUR,ZAMBOANGA CITY,POBLACION (ZONE 3),ALL OTHER STREETS,ZONE 3 BARANGAY POBLACION,CR,21000.0
ZAMBOANGA DEL SUR,ZAMBOANGA CITY,POBLACION (ZONE 3),ALL OTHER STREETS,ZONE 3 BARANGAY POBLACION,RR,7600.0
ZAMBOANGA DEL SUR,ZAMBOANGA CITY,POBLACION (ZONE 3),ALL OTHER STREETS,INTERIOR LOT,RR,5300.0
ZAMBOANGA DEL SUR,ZAMBOANGA CITY,POBLACION (ZONE 4),BARCELONA ST,I. MAGNO ST- GOV. LIM AVE,CR,23200.0
ZAMBOANGA DEL SUR,ZAMBOANGA CITY,POBLACION (ZONE 4),BARCELONA ST,I. MAGNO ST- GOV. LIM AVE,RR,13500.0
ZAMBOANGA DEL SUR,ZAMBOANGA CITY,POBLACION (ZONE 4),CERVANTES ST,GEN. V. ALVAREZ ST - PILAR ST.,CR,22100.0
ZAMBOANGA DEL SUR,ZAMBOANGA CITY,POBLACION (ZONE 4),CERVANTES ST,GEN. V. ALVAREZ ST - PILAR ST.,RR,10400.0
ZAMBOANGA DEL SUR,ZAMBOANGA CITY,POBLACION (ZONE 4),CLAVERIA ST,GEN. V. ALVAREZ - PILAR ST,CR,22100.0
ZAMBOANGA DEL SUR,ZAMBOANGA CITY,POBLACION (ZONE 4),CLAVERIA ST,GEN. V. ALVAREZ - PILAR ST,RR,10400.0
ZAMBOANGA DEL SUR,ZAMBOANGA CITY,POBLACION (ZONE 4),CLIMACO AVE.,GOV. LIM AVE - J.S. ALANO ST,CR,29700.0
ZAMBOANGA DEL SUR,ZAMBOANGA CITY,POBLACION (ZONE 4),CORCUERA SR,PORT AREA - PILAR ST,CR,22100.0
ZAMBOANGA DEL SUR,ZAMBOANGA CITY,POBLACION (ZONE 4),CORCUERA SR,PORT AREA - PILAR ST,RR,11400.0
ZAMBOANGA DEL SUR,ZAMBOANGA CITY,POBLACION (ZONE 4),GEN. V. ALVAREZ,P. LORENZO - VETERANS AVE,CR,22100.0
ZAMBOANGA DEL SUR,ZAMBOANGA CITY,POBLACION (ZONE 4),GEN. V. ALVAREZ,P. LORENZO - VETERANS AVE,RR,10300.0
ZAMBOANGA DEL SUR,ZAMBOANGA CITY,POBLACION (ZONE 4),GEN. V. ALVAREZ,P. LORENZO - VETERANS AVE,X,22000.0
ZAMBOANGA DEL SUR,ZAMBOANGA CITY,POBLACION (ZONE 4),GEN. V. ALVAREZ,INTERIOR LOT,RR,6900.0
ZAMBOANGA DEL SUR,ZAMBOANGA CITY,POBLACION (ZONE 4),GOV. LIM AVE,CLIMACO AVE. - LA PURISIMA ST,CR,23200.0
ZAMBOANGA DEL SUR,ZAMBOANGA CITY,POBLACION (ZONE 4),GOV. LIM AVE,LA PURISIMA ST - VETERANS AVE,CR,22900.0
ZAMBOANGA DEL SUR,ZAMBOANGA CITY,POBLACION (ZONE 4),GOV. LIM AVE,LA PURISIMA ST - VETERANS AVE,RR,13300.0
ZAMBOANGA DEL SUR,ZAMBOANGA CITY,POBLACION (ZONE 4),GOV. LIM AVE,LA PURISIMA ST - VETERANS AVE,X,22900.0
ZAMBOANGA DEL SUR,ZAMBOANGA CITY,POBLACION (ZONE 4),I. MAGNO ST,CLIMACO - DON P. LORENZO ST,CR,22900.0
ZAMBOANGA DEL SUR,ZAMBOANGA CITY,POBLACION (ZONE 4),J. S. ALANO ST,GOV. LIM AVE - DON P. LORENZO ST,CR,23200.0
ZAMBOANGA DEL SUR,ZAMBOANGA CITY,POBLACION (ZONE 4),J. S. ALANO ST,GOV. LIM AVE - DON P. LORENZO ST,X,23000.0
ZAMBOANGA DEL SUR,ZAMBOANGA CITY,POBLACION (ZONE 4),LA PURISIMA ST,GOV. LIM AVE. - I. MAGNO ST,CR,32500.0
ZAMBOANGA DEL SUR,ZAMBOANGA CITY,POBLACION (ZONE 4),MA. CLARA ST,VALDEROSA ST - ZARAGOZA ST,CR,23200.0
ZAMBOANGA DEL SUR,ZAMBOANGA CITY,POBLACION (ZONE 4),P. BURGOS ST.,GEN. V. ALVAREZ - NS VALDEROZA ST,X,23000.0
ZAMBOANGA DEL SUR,ZAMBOANGA CITY,POBLACION (ZONE 4),DON P. LORENZO ST,GOV. LIM AVE. - PORT AREA,CR,22900.0
ZAMBOANGA DEL SUR,ZAMBOANGA CITY,POBLACION (ZONE 4),DON P. LORENZO ST,GOV. LIM AVE. - PORT AREA,X,23000.0
ZAMBOANGA DEL SUR,ZAMBOANGA CITY,POBLACION (ZONE 4),P. REYES ST,GOV. LIM AVE - I. MAGNO ST,CR,23200.0
ZAMBOANGA DEL SUR,ZAMBOANGA CITY,POBLACION (ZONE 4),PILAR ST,DON P. LORENZO ST - VETERANS AVE,CR,25000.0
ZAMBOANGA DEL SUR,ZAMBOANGA CITY,POBLACION (ZONE 4),PILAR ST,DON P. LORENZO ST - VETERANS AVE,RR,13400.0
ZAMBOANGA DEL SUR,ZAMBOANGA CITY,POBLACION (ZONE 4),PILAR ST,DON P. LORENZO ST - VETERANS AVE,X,24500.0
ZAMBOANGA DEL SUR,ZAMBOANGA CITY,POBLACION (ZONE 4),PILAR ST,INTERIOR LOT,RR,9000.0
ZAMBOANGA DEL SUR,ZAMBOANGA CITY,POBLACION (ZONE 4),PORT AREA RECLAIMED,PORT AREA - PUBLIC MARKET,GL,23200.0
ZAMBOANGA DEL SUR,ZAMBOANGA CITY,POBLACION (ZONE 4),R. SOLIMAN ST,CLIMACO - PUBLIC MARKET,CR,22600.0
ZAMBOANGA DEL SUR,ZAMBOANGA CITY,POBLACION (ZONE 4),RIZAL ST,MA. CLARA - VILLALOBOS,CR,22500.0
ZAMBOANGA DEL SUR,ZAMBOANGA CITY,POBLACION (ZONE 4),RIZAL ST,MA. CLARA - VILLALOBOS,X,22300.0
ZAMBOANGA DEL SUR,ZAMBOANGA CITY,POBLACION (ZONE 4),RIZAL ST. (FORMERLY PETTIT BARRACKS),VILLALOBOS - VETERANS AVE EXT. (FORMERLY FORT PILAR),X,23000.0
ZAMBOANGA DEL SUR,ZAMBOANGA CITY,POBLACION (ZONE 4),SAN JOSE PANIGAYAN,P. LORENZO - CERVANTES,CR,22100.0
ZAMBOANGA DEL SUR,ZAMBOANGA CITY,POBLACION (ZONE 4),SAN JOSE PANIGAYAN,P. LORENZO - CERVANTES,RR,11000.0
ZAMBOANGA DEL SUR,ZAMBOANGA CITY,POBLACION (ZONE 4),SAN JOSE PANIGAYAN,INTERIOR LOT,RR,6900.0
ZAMBOANGA DEL SUR,ZAMBOANGA CITY,POBLACION (ZONE 4),SEVILLA ST.,DON P. LORENZO ST - GEN. V. ALVAREZ ST.,CR,22100.0
ZAMBOANGA DEL SUR,ZAMBOANGA CITY,POBLACION (ZONE 4),SEVILLA ST.,DON P. LORENZO ST - GEN. V. ALVAREZ ST.,RR,11000.0
ZAMBOANGA DEL SUR,ZAMBOANGA CITY,POBLACION (ZONE 4),"V. ORENDAIN, SR. ST. (FORMER URDANETA)",GOV. LIM AVE - I. MAGNO ST,CR,22400.0
ZAMBOANGA DEL SUR,ZAMBOANGA CITY,POBLACION (ZONE 4),VALDEROSA ST,DON P. LORENZO - FORT PILAR,CR,22100.0
ZAMBOANGA DEL SUR,ZAMBOANGA CITY,POBLACION (ZONE 4),VETERANS AVE,GOV. LIM AVE - VALDEROSA (FORMERLY FORT PILAR),CR,22600.0
ZAMBOANGA DEL SUR,ZAMBOANGA CITY,POBLACION (ZONE 4),VETERANS AVE,GOV. LIM AVE - VALDEROSA (FORMERLY FORT PILAR),RR,16000.0
ZAMBOANGA DEL SUR,ZAMBOANGA CITY,POBLACION (ZONE 4),VETERANS AVE,GOV. LIM AVE - VALDEROSA (FORMERLY FORT PILAR),X,22700.0
ZAMBOANGA DEL SUR,ZAMBOANGA CITY,POBLACION (ZONE 4),VILLALOBOS ST,VALDEROSA ST - PILAR ST,CR,22100.0
ZAMBOANGA DEL SUR,ZAMBOANGA CITY,POBLACION (ZONE 4),VILLALOBOS ST,VALDEROSA ST - PILAR ST,RR,11300.0
ZAMBOANGA DEL SUR,ZAMBOANGA CITY,POBLACION (ZONE 4),VILLALOBOS ST,INTERIOR LOT,RR,8000.0
ZAMBOANGA DEL SUR,ZAMBOANGA CITY,POBLACION (ZONE 4),ZARAGOSA ST,I. MAGNO ST- VILLALOBOS ST,CR,23200.0
ZAMBOANGA DEL SUR,ZAMBOANGA CITY,POBLACION (ZONE 4),ZARAGOSA ST,I. MAGNO ST- VILLALOBOS ST,RR,13300.0
ZAMBOANGA DEL SUR,ZAMBOANGA CITY,POBLACION (ZONE 4),ALL OTHER STREETS,ZONE 4 BARANGAY POBLACION,CR,22100.0
ZAMBOANGA DEL SUR,ZAMBOANGA CITY,POBLACION (ZONE 4),ALL OTHER STREETS,ZONE 4 BARANGAY POBLACION,RR,10000.0
ZAMBOANGA DEL SUR,ZAMBOANGA CITY,POBLACION (ZONE 4),ALL OTHER STREETS,INTERIOR LOT,RR,6800.0
ZAMBOANGA DEL SUR,ZAMBOANGA CITY,ARENA BLANCO,ALL LOTS,,CR,2300.0
ZAMBOANGA DEL SUR,ZAMBOANGA CITY,ARENA BLANCO,ALL LOTS,None,RR,1000.0
ZAMBOANGA DEL SUR,ZAMBOANGA CITY,ARENA BLANCO,ALL LOTS,None,I,2500.0
ZAMBOANGA DEL SUR,ZAMBOANGA CITY,ARENA BLANCO,ALL LOTS,None,GP,1000.0
ZAMBOANGA DEL SUR,ZAMBOANGA CITY,ARENA BLANCO,ALL LOTS,None,A50,170.0
ZAMBOANGA DEL SUR,ZAMBOANGA CITY,ARENA BLANCO,ALL LOTS,INTERIOR LOT,RR,300.0
ZAMBOANGA DEL SUR,ZAMBOANGA CITY,AYALA,ALL STREETS,,CR,2700.0
ZAMBOANGA DEL SUR,ZAMBOANGA CITY,AYALA,ALL STREETS,,RR,1400.0
ZAMBOANGA DEL SUR,ZAMBOANGA CITY,AYALA,ALL STREETS,,I,3900.0
ZAMBOANGA DEL SUR,ZAMBOANGA CITY,AYALA,ALL STREETS,,A50,190.0
ZAMBOANGA DEL SUR,ZAMBOANGA CITY,AYALA,ALL STREETS,INTERIOR LOT,RR,600.0
ZAMBOANGA DEL SUR,ZAMBOANGA CITY,AYALA,COUNTRY HOMES SUBDIVISION-P1,,RR,2500.0
ZAMBOANGA DEL SUR,ZAMBOANGA CITY,AYALA,COUNTRY HOMES SUBDIVISION-P2,,RR,2500.0
ZAMBOANGA DEL SUR,ZAMBOANGA CITY,AYALA,COUNTRY HOMES SUBDIVISION-P3,,RR,2400.0
ZAMBOANGA DEL SUR,ZAMBOANGA CITY,AYALA,BLUE VISTA SUBDIVISION,,RR,2500.0
ZAMBOANGA DEL SUR,ZAMBOANGA CITY,AYALA,ALL OTHER SUBDIVISION,,RR,1300.0
ZAMBOANGA DEL SUR,ZAMBOANGA CITY,BALIWASAN,BALIWASAN GRANDE,,CR,4200.0
ZAMBOANGA DEL SUR,ZAMBOANGA CITY,BALIWASAN,BALIWASAN GRANDE,,RR,3100.0
ZAMBOANGA DEL SUR,ZAMBOANGA CITY,BALIWASAN,BALIWASAN GRANDE,,X,3200.0
ZAMBOANGA DEL SUR,ZAMBOANGA CITY,BALIWASAN,BALIWASAN GRANDE,INTERIOR LOT,RR,1900.0
ZAMBOANGA DEL SUR,ZAMBOANGA CITY,BALIWASAN,BALIWASAN SEASIDE,,CR,4900.0
ZAMBOANGA DEL SUR,ZAMBOANGA CITY,BALIWASAN,BALIWASAN SEASIDE,,RR,3100.0
ZAMBOANGA DEL SUR,ZAMBOANGA CITY,BALIWASAN,BALIWASAN SEASIDE,,I,4100.0
ZAMBOANGA DEL SUR,ZAMBOANGA CITY,BALIWASAN,BALIWASAN SEASIDE,INTERIOR LOT,RR,1900.0
ZAMBOANGA DEL SUR,ZAMBOANGA CITY,BALIWASAN,J. JOHNSON ST,,CR,4700.0
ZAMBOANGA DEL SUR,ZAMBOANGA CITY,BALIWASAN,J. JOHNSON ST,,RR,3000.0
ZAMBOANGA DEL SUR,ZAMBOANGA CITY,BALIWASAN,J. JOHNSON ST,INTERIOR LOT,RR,1900.0
ZAMBOANGA DEL SUR,ZAMBOANGA CITY,BALIWASAN,MAJ. FERNANDEZ RD (FORMER BALIWASAN CHICO),R.T. LIM BOULEVARD-SAN JOSE ROAD,CR,5000.0
ZAMBOANGA DEL SUR,ZAMBOANGA CITY,BALIWASAN,MAJ. FERNANDEZ RD (FORMER BALIWASAN CHICO),R.T. LIM BOULEVARD-SAN JOSE ROAD,RR,3100.0
ZAMBOANGA DEL SUR,ZAMBOANGA CITY,BALIWASAN,MAJ. FERNANDEZ RD (FORMER BALIWASAN CHICO),R.T. LIM BOULEVARD-SAN JOSE ROAD,X,3200.0
ZAMBOANGA DEL SUR,ZAMBOANGA CITY,BALIWASAN,MAJ. FERNANDEZ RD (FORMER BALIWASAN CHICO),INTERIOR LOT,RR,1900.0
ZAMBOANGA DEL SUR,ZAMBOANGA CITY,BALIWASAN,PUNTA GAVILAN ROAD,RAJAH MUDA RD-SAN JOSE RD,CR,5000.0
ZAMBOANGA DEL SUR,ZAMBOANGA CITY,BALIWASAN,PUNTA GAVILAN ROAD,RAJAH MUDA RD-SAN JOSE RD,RR,3100.0
ZAMBOANGA DEL SUR,ZAMBOANGA CITY,BALIWASAN,RAJAH MUNDA,,CR,4800.0
ZAMBOANGA DEL SUR,ZAMBOANGA CITY,BALIWASAN,RAJAH MUNDA,,RR,3000.0
ZAMBOANGA DEL SUR,ZAMBOANGA CITY,BALIWASAN,RAJAH MUNDA,,I,4100.0
ZAMBOANGA DEL SUR,ZAMBOANGA CITY,BALIWASAN,RAJAH MUNDA,INTERIOR LOT,RR,1900.0
ZAMBOANGA DEL SUR,ZAMBOANGA CITY,BALIWASAN,SAN JOSE RD,NAVARRO RD-NORMAL ROAD,CR,9500.0
ZAMBOANGA DEL SUR,ZAMBOANGA CITY,BALIWASAN,SAN JOSE RD,NORMAL RD-MAJ. FERNANDEZ ST. (CHICO),CR,5100.0
ZAMBOANGA DEL SUR,ZAMBOANGA CITY,BALIWASAN,SAN JOSE RD,NORMAL RD-MAJ. FERNANDEZ ST. (CHICO),RR,4500.0
ZAMBOANGA DEL SUR,ZAMBOANGA CITY,BALIWASAN,SAN JOSE RD,INTERIOR LOT,RR,3000.0
ZAMBOANGA DEL SUR,ZAMBOANGA CITY,BALIWASAN,SUTERVILLE,,CR,4900.0
ZAMBOANGA DEL SUR,ZAMBOANGA CITY,BALIWASAN,SUTERVILLE,,RR,3100.0
ZAMBOANGA DEL SUR,ZAMBOANGA CITY,BALIWASAN,SUTERVILLE,INTERIOR LOT,RR,1900.0
ZAMBOANGA DEL SUR,ZAMBOANGA CITY,BALIWASAN,BALI VILLAS SUBDIVISION,,RR,3000.0
ZAMBOANGA DEL SUR,ZAMBOANGA CITY,BALIWASAN,ALL OTHER STREETS,,CR,4800.0
ZAMBOANGA DEL SUR,ZAMBOANGA CITY,BALIWASAN,ALL OTHER STREETS,None,RR,3000.0
ZAMBOANGA DEL SUR,ZAMBOANGA CITY,BALIWASAN,ALL OTHER STREETS,INTERIOR LOT,RR,1900.0
ZAMBOANGA DEL SUR,ZAMBOANGA CITY,BALIWASAN,ALL OTHER STREETS,INTERIOR LOT,GP,1800.0
ZAMBOANGA DEL SUR,ZAMBOANGA CITY,BALUNO,ALL LOTS,,RR,1000.0
ZAMBOANGA DEL SUR,ZAMBOANGA CITY,BALUNO,ALL LOTS,INTERIOR LOT,RR,500.0
ZAMBOANGA DEL SUR,ZAMBOANGA CITY,BALUNO,ALL LOTS,INTERIOR LOT,A50,60.0
ZAMBOANGA DEL SUR,ZAMBOANGA CITY,BOALAN,ALL LOTS,,CR,2600.0
ZAMBOANGA DEL SUR,ZAMBOANGA CITY,BOALAN,ALL LOTS,None,RR,1500.0
ZAMBOANGA DEL SUR,ZAMBOANGA CITY,BOALAN,ALL LOTS,None,I,2600.0
ZAMBOANGA DEL SUR,ZAMBOANGA CITY,BOALAN,ALL LOTS,INTERIOR LOT,RR,1100.0
ZAMBOANGA DEL SUR,ZAMBOANGA CITY,BOALAN,ALL LOTS,INTERIOR LOT,A50,50.0
ZAMBOANGA DEL SUR,ZAMBOANGA CITY,BOALAN,OUR LADY OF FATIMA SUBDIVISION,,RR,4400.0
ZAMBOANGA DEL SUR,ZAMBOANGA CITY,BOALAN,VILLA TERESA SUBDIVISION,,RR,5000.0
ZAMBOANGA DEL SUR,ZAMBOANGA CITY,BOALAN,ALL OTHER SUBDIVISION,None,RR,2300.0
ZAMBOANGA DEL SUR,ZAMBOANGA CITY,BOALAN,ALL SOCIALIZED HOUSING SUBDIVISION,,RR,1600.0
ZAMBOANGA DEL SUR,ZAMBOANGA CITY,BOLONG,ALL LOTS,,CR,1800.0
ZAMBOANGA DEL SUR,ZAMBOANGA CITY,BOLONG,ALL LOTS,None,RR,600.0
ZAMBOANGA DEL SUR,ZAMBOANGA CITY,BOLONG,ALL LOTS,None,A50,100.0
ZAMBOANGA DEL SUR,ZAMBOANGA CITY,BOLONG,ALL LOTS,INTERIOR LOT,RR,300.0
ZAMBOANGA DEL SUR,ZAMBOANGA CITY,BUENAVISTA,ALL LOTS,,RR,500.0
ZAMBOANGA DEL SUR,ZAMBOANGA CITY,BUENAVISTA,ALL LOTS,None,A4,60.0
ZAMBOANGA DEL SUR,ZAMBOANGA CITY,BUENAVISTA,ALL LOTS,None,A50,50.0
ZAMBOANGA DEL SUR,ZAMBOANGA CITY,BUENAVISTA,ALL LOTS,INTERIOR LOT,RR,200.0
ZAMBOANGA DEL SUR,ZAMBOANGA CITY,BUNGUIAO,ALL LOTS,,RR,500.0
ZAMBOANGA DEL SUR,ZAMBOANGA CITY,BUNGUIAO,ALL LOTS,None,A4,60.0
ZAMBOANGA DEL SUR,ZAMBOANGA CITY,BUNGUIAO,ALL LOTS,None,A50,50.0
ZAMBOANGA DEL SUR,ZAMBOANGA CITY,BUNGUIAO,ALL LOTS,INTERIOR LOT,RR,200.0
ZAMBOANGA DEL SUR,ZAMBOANGA CITY,BUSAY,ALL LOTS,,RR,200.0
ZAMBOANGA DEL SUR,ZAMBOANGA CITY,BUSAY,ALL LOTS,None,A36,60.0
ZAMBOANGA DEL SUR,ZAMBOANGA CITY,BUSAY,ALL LOTS,None,A50,50.0
ZAMBOANGA DEL SUR,ZAMBOANGA CITY,BUSAY,ALL LOTS,INTERIOR LOT,RR,100.0
ZAMBOANGA DEL SUR,ZAMBOANGA CITY,CABALUAY,ALL LOTS,,CR,2400.0
ZAMBOANGA DEL SUR,ZAMBOANGA CITY,CABALUAY,ALL LOTS,None,RR,1100.0
ZAMBOANGA DEL SUR,ZAMBOANGA CITY,CABALUAY,ALL LOTS,None,A50,100.0
ZAMBOANGA DEL SUR,ZAMBOANGA CITY,CABALUAY,ALL LOTS,INTERIOR LOT,RR,500.0
ZAMBOANGA DEL SUR,ZAMBOANGA CITY,CABALUAY,TEACHER'S VILLAGE SUBDIVISION,,RR,2500.0
ZAMBOANGA DEL SUR,ZAMBOANGA CITY,CABALUAY,ALL OTHER SUBDIVISION,None,RR,1300.0
ZAMBOANGA DEL SUR,ZAMBOANGA CITY,CABATANGAN,ALL LOTS,,CR,3000.0
ZAMBOANGA DEL SUR,ZAMBOANGA CITY,CABATANGAN,ALL LOTS,None,RR,2000.0
ZAMBOANGA DEL SUR,ZAMBOANGA CITY,CABATANGAN,ALL LOTS,None,A1,200.0
ZAMBOANGA DEL SUR,ZAMBOANGA CITY,CABATANGAN,ALL LOTS,None,A50,360.0
ZAMBOANGA DEL SUR,ZAMBOANGA CITY,CABATANGAN,ALL LOTS,INTERIOR LOT,RR,1300.0
ZAMBOANGA DEL SUR,ZAMBOANGA CITY,CABATANGAN,SHIRMAL'S HAPPY HOMES SUBDIVISION,,RR,2700.0
ZAMBOANGA DEL SUR,ZAMBOANGA CITY,CABATANGAN,ALL OTHER SUBDIVISIONS,None,RR,2500.0
ZAMBOANGA DEL SUR,ZAMBOANGA CITY,CABATANGAN,OTHER SOCIALIZED SUBDIVISIONS,,RR,1300.0
ZAMBOANGA DEL SUR,ZAMBOANGA CITY,CACAO,ALL LOTS,,RR,1000.0
ZAMBOANGA DEL SUR,ZAMBOANGA CITY,CACAO,ALL LOTS,None,A50,50.0
ZAMBOANGA DEL SUR,ZAMBOANGA CITY,CACAO,ALL LOTS,INTERIOR LOT,RR,500.0
ZAMBOANGA DEL SUR,ZAMBOANGA CITY,CALABASA,ALL LOTS,,RR,500.0
ZAMBOANGA DEL SUR,ZAMBOANGA CITY,CALABASA,ALL LOTS,None,A50,50.0
ZAMBOANGA DEL SUR,ZAMBOANGA CITY,CALABASA,ALL LOTS,INTERIOR LOT,RR,200.0
ZAMBOANGA DEL SUR,ZAMBOANGA CITY,CALARIAN,ALL STREETS - UPPER CALARIAN,,CR,2900.0
ZAMBOANGA DEL SUR,ZAMBOANGA CITY,CALARIAN,ALL STREETS - UPPER CALARIAN,,RR,1600.0
ZAMBOANGA DEL SUR,ZAMBOANGA CITY,CALARIAN,ALL STREETS - UPPER CALARIAN,,X,2800.0
ZAMBOANGA DEL SUR,ZAMBOANGA CITY,CALARIAN,ALL STREETS - UPPER CALARIAN,,GP,100.0
ZAMBOANGA DEL SUR,ZAMBOANGA CITY,CALARIAN,ALL STREETS - UPPER CALARIAN,,A50,50.0
ZAMBOANGA DEL SUR,ZAMBOANGA CITY,CALARIAN,ALL STREETS - UPPER CALARIAN,INTERIOR LOT,RR,1000.0
ZAMBOANGA DEL SUR,ZAMBOANGA CITY,CALARIAN,ALL LOTS - LOWER CALARIAN,,CR,3000.0
ZAMBOANGA DEL SUR,ZAMBOANGA CITY,CALARIAN,ALL LOTS - LOWER CALARIAN,None,RR,1600.0
ZAMBOANGA DEL SUR,ZAMBOANGA CITY,CALARIAN,ALL LOTS - LOWER CALARIAN,None,I,4100.0
ZAMBOANGA DEL SUR,ZAMBOANGA CITY,CALARIAN,ALL LOTS - LOWER CALARIAN,None,GP,100.0
ZAMBOANGA DEL SUR,ZAMBOANGA CITY,CALARIAN,ALL LOTS - LOWER CALARIAN,None,A50,50.0
ZAMBOANGA DEL SUR,ZAMBOANGA CITY,CALARIAN,ALL LOTS - LOWER CALARIAN,INTERIOR LOT,RR,1100.0
ZAMBOANGA DEL SUR,ZAMBOANGA CITY,CAMINO NUEVO,NUÑEZ EXTENSION,,CR,32700.0
ZAMBOANGA DEL SUR,ZAMBOANGA CITY,CAMINO NUEVO,NUÑEZ EXTENSION,,RR,12900.0
ZAMBOANGA DEL SUR,ZAMBOANGA CITY,CAMINO NUEVO,NUÑEZ EXTENSION,INTERIOR LOT,RR,8000.0
ZAMBOANGA DEL SUR,ZAMBOANGA CITY,CAMINO NUEVO,GOV. CAMINS AVE,VETERANS AVE - NUÑEZ EXT.,CR,19800.0
ZAMBOANGA DEL SUR,ZAMBOANGA CITY,CAMINO NUEVO,GOV. CAMINS AVE,VETERANS AVE - NUÑEZ EXT.,RR,11900.0
ZAMBOANGA DEL SUR,ZAMBOANGA CITY,CAMINO NUEVO,GOV. CAMINS AVE,VETERANS AVE - NUÑEZ EXT.,X,18100.0
ZAMBOANGA DEL SUR,ZAMBOANGA CITY,CAMINO NUEVO,GOV. CAMINS AVE,INTERIOR LOT,RR,7300.0
ZAMBOANGA DEL SUR,ZAMBOANGA CITY,CAMINO NUEVO,GOV. CAMINS AVE,NUÑEZ EXT. TO CANELAR-CAMINO NUEVO RIVER,CR,32700.0
ZAMBOANGA DEL SUR,ZAMBOANGA CITY,CAMINO NUEVO,GOV. CAMINS AVE,NUÑEZ EXT. TO CANELAR-CAMINO NUEVO RIVER,RR,12900.0
ZAMBOANGA DEL SUR,ZAMBOANGA CITY,CAMINO NUEVO,GOV. CAMINS AVE,INTERIOR LOT,RR,8000.0
ZAMBOANGA DEL SUR,ZAMBOANGA CITY,CAMINO NUEVO,VETERANS AVE,GOV. CAMINS AVE - GOV. ALVAREZ,CR,19800.0
ZAMBOANGA DEL SUR,ZAMBOANGA CITY,CAMINO NUEVO,VETERANS AVE,GOV. CAMINS AVE - GOV. ALVAREZ,RR,11900.0
ZAMBOANGA DEL SUR,ZAMBOANGA CITY,CAMINO NUEVO,VETERANS AVE,GOV. CAMINS AVE - GOV. ALVAREZ,X,18100.0
ZAMBOANGA DEL SUR,ZAMBOANGA CITY,CAMINO NUEVO,VETERANS AVE,INTERIOR LOT,RR,8000.0
ZAMBOANGA DEL SUR,ZAMBOANGA CITY,CAMINO NUEVO,GOV. ALVAREZ AVE,VETERANS AVE - CANELAR-CAMINO NUEVO RIVER,CR,21400.0
ZAMBOANGA DEL SUR,ZAMBOANGA CITY,CAMINO NUEVO,GOV. ALVAREZ AVE,VETERANS AVE - CANELAR-CAMINO NUEVO RIVER,RR,12200.0
ZAMBOANGA DEL SUR,ZAMBOANGA CITY,CAMINO NUEVO,GOV. ALVAREZ AVE,INTERIOR LOT,RR,7300.0
ZAMBOANGA DEL SUR,ZAMBOANGA CITY,CAMINO NUEVO,ALONG CANELAR-CAMINO NUEVO RIVER (INTERIOR),GOV. CAMINS AVE - GOV. ALVAREZ,CR,5400.0
ZAMBOANGA DEL SUR,ZAMBOANGA CITY,CAMINO NUEVO,ALONG CANELAR-CAMINO NUEVO RIVER (INTERIOR),GOV. CAMINS AVE - GOV. ALVAREZ,RR,4100.0
ZAMBOANGA DEL SUR,ZAMBOANGA CITY,CAMINO NUEVO,ALL OTHER STREETS,,CR,12200.0
ZAMBOANGA DEL SUR,ZAMBOANGA CITY,CAMINO NUEVO,ALL OTHER STREETS,None,RR,6500.0
ZAMBOANGA DEL SUR,ZAMBOANGA CITY,CAMPO ISLAM,ALL LOTS,,CR,4500.0
ZAMBOANGA DEL SUR,ZAMBOANGA CITY,CAMPO ISLAM,ALL LOTS,None,RR,1600.0
ZAMBOANGA DEL SUR,ZAMBOANGA CITY,CAMPO ISLAM,ALL LOTS,None,I,4000.0
ZAMBOANGA DEL SUR,ZAMBOANGA CITY,CAMPO ISLAM,ALL LOTS,INTERIOR LOT,RR,1000.0
ZAMBOANGA DEL SUR,ZAMBOANGA CITY,CANELAR,M. JALDON ST,GOV. ALVAREZ AVE. TO GOV. CAMINS AVE.,CR,10500.0
ZAMBOANGA DEL SUR,ZAMBOANGA CITY,CANELAR,M. JALDON ST,GOV. ALVAREZ AVE. TO GOV. CAMINS AVE.,RR,6500.0
ZAMBOANGA DEL SUR,ZAMBOANGA CITY,CANELAR,M. JALDON ST,INTERIOR LOT,RR,4600.0
ZAMBOANGA DEL SUR,ZAMBOANGA CITY,CANELAR,MORET,,CR,6500.0
ZAMBOANGA DEL SUR,ZAMBOANGA CITY,CANELAR,MORET,,RR,4900.0
ZAMBOANGA DEL SUR,ZAMBOANGA CITY,CANELAR,MORET,,X,7900.0
ZAMBOANGA DEL SUR,ZAMBOANGA CITY,CANELAR,MORET,INTERIOR LOT,RR,3200.0
ZAMBOANGA DEL SUR,ZAMBOANGA CITY,CANELAR,SAN JOSE ROAD,,CR,9900.0
ZAMBOANGA DEL SUR,ZAMBOANGA CITY,CANELAR,SAN JOSE ROAD,,RR,4800.0
ZAMBOANGA DEL SUR,ZAMBOANGA CITY,CANELAR,SAN JOSE ROAD,INTERIOR LOT,RR,3200.0
ZAMBOANGA DEL SUR,ZAMBOANGA CITY,CANELA,GOV. CAMINS AVE,,CR,10300.0
ZAMBOANGA DEL SUR,ZAMBOANGA CITY,CANELA,GOV. CAMINS AVE,,RR,5700.0
ZAMBOANGA DEL SUR,ZAMBOANGA CITY,CANELA,GOV. CAMINS AVE,INTERIOR LOT,RR,3400.0
ZAMBOANGA DEL SUR,ZAMBOANGA CITY,CANELA,CLARET,,CR,9800.0
ZAMBOANGA DEL SUR,ZAMBOANGA CITY,CANELA,CLARET,,RR,4700.0
ZAMBOANGA DEL SUR,ZAMBOANGA CITY,CANELA,CLARET,INTERIOR LOT,RR,3200.0
ZAMBOANGA DEL SUR,ZAMBOANGA CITY,CANELA,ALL OTHER STREETS,,CR,6900.0
ZAMBOANGA DEL SUR,ZAMBOANGA CITY,CANELA,ALL OTHER STREETS,None,RR,4500.0
ZAMBOANGA DEL SUR,ZAMBOANGA CITY,CANELA,ALL OTHER STREETS,INTERIOR LOT,RR,3100.0
ZAMBOANGA DEL SUR,ZAMBOANGA CITY,CAPISAN,ALL LOTS,,RR,1500.0
ZAMBOANGA DEL SUR,ZAMBOANGA CITY,CAPISAN,ALL LOTS,None,A50,50.0
ZAMBOANGA DEL SUR,ZAMBOANGA CITY,CAPISAN,ALL LOTS,INTERIOR LOT,RR,900.0
ZAMBOANGA DEL SUR,ZAMBOANGA CITY,CAWIT,ALL LOTS,,CR,2500.0
ZAMBOANGA DEL SUR,ZAMBOANGA CITY,CAWIT,ALL LOTS,None,RR,1200.0
ZAMBOANGA DEL SUR,ZAMBOANGA CITY,CAWIT,ALL LOTS,None,I,3800.0
ZAMBOANGA DEL SUR,ZAMBOANGA CITY,CAWIT,ALL LOTS,None,A50,190.0
ZAMBOANGA DEL SUR,ZAMBOANGA CITY,CAWIT,ALL LOTS,INTERIOR LOT,RR,500.0
ZAMBOANGA DEL SUR,ZAMBOANGA CITY,CULIANAN,ALL LOTS,,CR,2500.0
ZAMBOANGA DEL SUR,ZAMBOANGA CITY,CULIANAN,ALL LOTS,None,RR,1500.0
ZAMBOANGA DEL SUR,ZAMBOANGA CITY,CULIANAN,ALL LOTS,None,A4,60.0
ZAMBOANGA DEL SUR,ZAMBOANGA CITY,CULIANAN,ALL LOTS,None,A50,50.0
ZAMBOANGA DEL SUR,ZAMBOANGA CITY,CULIANAN,ALL LOTS,INTERIOR LOT,RR,1100.0
ZAMBOANGA DEL SUR,ZAMBOANGA CITY,CULIANAN,VILLA TERESA SUBDIVISION,,RR,4500.0
ZAMBOANGA DEL SUR,ZAMBOANGA CITY,CULIANAN,ALL OTHER SUBDIVISION,None,RR,2600.0
ZAMBOANGA DEL SUR,ZAMBOANGA CITY,CULIANAN,ALL SOCIALIZED HOUSING SUBDIVISION,,RR,1500.0
ZAMBOANGA DEL SUR,ZAMBOANGA CITY,CURUAN,ALL LOTS,,CR,2000.0
ZAMBOANGA DEL SUR,ZAMBOANGA CITY,CURUAN,ALL LOTS,None,RR,1600.0
ZAMBOANGA DEL SUR,ZAMBOANGA CITY,CURUAN,ALL LOTS,None,A50,50.0
ZAMBOANGA DEL SUR,ZAMBOANGA CITY,CURUAN,ALL LOTS,INTERIOR LOT,RR,300.0
ZAMBOANGA DEL SUR,ZAMBOANGA CITY,DITA,ALL LOTS,,RR,500.0
ZAMBOANGA DEL SUR,ZAMBOANGA CITY,DITA,ALL LOTS,None,A50,60.0
ZAMBOANGA DEL SUR,ZAMBOANGA CITY,DIVISORIA,ALL LOTS,,CR,3700.0
ZAMBOANGA DEL SUR,ZAMBOANGA CITY,DIVISORIA,ALL LOTS,None,RR,2100.0
ZAMBOANGA DEL SUR,ZAMBOANGA CITY,DIVISORIA,ALL LOTS,None,A50,200.0
ZAMBOANGA DEL SUR,ZAMBOANGA CITY,DIVISORIA,ALL LOTS,INTERIOR LOT,RR,1500.0
ZAMBOANGA DEL SUR,ZAMBOANGA CITY,DIVISORIA,MEL ROSE SUBDIVISION,,RR,5300.0
ZAMBOANGA DEL SUR,ZAMBOANGA CITY,DIVISORIA,VILLA TERESA SUBDIVISION,,RR,5300.0
ZAMBOANGA DEL SUR,ZAMBOANGA CITY,DIVISORIA,ALL SOCIALIZED HOUSING SUBDIVISION,,RR,1700.0
ZAMBOANGA DEL SUR,ZAMBOANGA CITY,DULIAN (UPPER PASONANCA),ALL LOTS,,RR,1500.0
ZAMBOANGA DEL SUR,ZAMBOANGA CITY,DULIAN (UPPER PASONANCA),ALL LOTS,None,A50,200.0
ZAMBOANGA DEL SUR,ZAMBOANGA CITY,DULIAN (UPPER PASONANCA),ALL LOTS,INTERIOR LOT,RR,900.0
ZAMBOANGA DEL SUR,ZAMBOANGA CITY,DULIAN (UPPER BENGUIAO),ALL LOTS,,RR,500.0
ZAMBOANGA DEL SUR,ZAMBOANGA CITY,DULIAN (UPPER BENGUIAO),ALL LOTS,None,A50,50.0
ZAMBOANGA DEL SUR,ZAMBOANGA CITY,GUISAO,ALL LOTS,,RR,1000.0
ZAMBOANGA DEL SUR,ZAMBOANGA CITY,GUISAO,ALL LOTS,INTERIOR LOT,RR,400.0
ZAMBOANGA DEL SUR,ZAMBOANGA CITY,GUISAO,ALL LOTS,INTERIOR LOT,A50,50.0
ZAMBOANGA DEL SUR,ZAMBOANGA CITY,GUIWAN,ALL LOTS,,CR,5800.0
ZAMBOANGA DEL SUR,ZAMBOANGA CITY,GUIWAN,ALL LOTS,None,RR,4800.0
ZAMBOANGA DEL SUR,ZAMBOANGA CITY,GUIWAN,ALL LOTS,None,A50,240.0
ZAMBOANGA DEL SUR,ZAMBOANGA CITY,GUIWAN,ALL LOTS,INTERIOR LOT,CR,3700.0
ZAMBOANGA DEL SUR,ZAMBOANGA CITY,GUIWAN,ALL LOTS,INTERIOR LOT,RR,3400.0
ZAMBOANGA DEL SUR,ZAMBOANGA CITY,GUIWAN,VILLA TERESA SUBDIVISION,,RR,4700.0
ZAMBOANGA DEL SUR,ZAMBOANGA CITY,GUIWAN,ALL OTHER SUBDIVISION,None,RR,3000.0
ZAMBOANGA DEL SUR,ZAMBOANGA CITY,GUIWAN,HARB TOWNHOUSES,,RC,3400.0
ZAMBOANGA DEL SUR,ZAMBOANGA CITY,KASANYANGAN,ALL LOTS,,CR,3900.0
ZAMBOANGA DEL SUR,ZAMBOANGA CITY,KASANYANGAN,ALL LOTS,None,RR,2900.0
ZAMBOANGA DEL SUR,ZAMBOANGA CITY,KASANYANGAN,ALL LOTS,INTERIOR LOT,RR,1800.0
ZAMBOANGA DEL SUR,ZAMBOANGA CITY,LA PAZ,ALL LOTS,,RR,1300.0
ZAMBOANGA DEL SUR,ZAMBOANGA CITY,LA PAZ,ALL LOTS,None,A50,220.0
ZAMBOANGA DEL SUR,ZAMBOANGA CITY,LA PAZ,ALL LOTS,INTERIOR LOT,RR,500.0
ZAMBOANGA DEL SUR,ZAMBOANGA CITY,LABUAN,ALL LOTS,,CR,2400.0
ZAMBOANGA DEL SUR,ZAMBOANGA CITY,LABUAN,ALL LOTS,None,RR,1300.0
ZAMBOANGA DEL SUR,ZAMBOANGA CITY,LABUAN,ALL LOTS,None,I,1500.0
ZAMBOANGA DEL SUR,ZAMBOANGA CITY,LABUAN,ALL LOTS,None,GP,500.0
ZAMBOANGA DEL SUR,ZAMBOANGA CITY,LABUAN,ALL LOTS,None,A50,70.0
ZAMBOANGA DEL SUR,ZAMBOANGA CITY,LABUAN,ALL LOTS,INTERIOR LOT,RR,600.0
ZAMBOANGA DEL SUR,ZAMBOANGA CITY,LAMISAHAN,ALL LOTS,,RR,1000.0
ZAMBOANGA DEL SUR,ZAMBOANGA CITY,LAMISAHAN,ALL LOTS,None,A50,50.0
ZAMBOANGA DEL SUR,ZAMBOANGA CITY,LAMISAHAN,ALL LOTS,INTERIOR LOT,RR,400.0
ZAMBOANGA DEL SUR,ZAMBOANGA CITY,LANDANG GUA SACOL IS,ALL LOTS,,RR*,130.0
ZAMBOANGA DEL SUR,ZAMBOANGA CITY,LANDANG GUA SACOL IS,ALL LOTS,None,A50,50.0
ZAMBOANGA DEL SUR,ZAMBOANGA CITY,LANDANG LAUM IS,ALL LOTS,,RR,130.0
ZAMBOANGA DEL SUR,ZAMBOANGA CITY,LANDANG LAUM IS,ALL LOTS,None,A50,50.0
ZAMBOANGA DEL SUR,ZAMBOANGA CITY,LANZONES,ALL LOTS,,RR,1000.0
ZAMBOANGA DEL SUR,ZAMBOANGA CITY,LANZONES,ALL LOTS,None,A50,50.0
ZAMBOANGA DEL SUR,ZAMBOANGA CITY,LANZONES,ALL LOTS,INTERIOR LOT,RR,400.0
ZAMBOANGA DEL SUR,ZAMBOANGA CITY,LAPAKAN,ALL LOTS,,RR,1000.0
ZAMBOANGA DEL SUR,ZAMBOANGA CITY,LAPAKAN,ALL LOTS,None,A50,50.0
ZAMBOANGA DEL SUR,ZAMBOANGA CITY,LAPAKAN,ALL LOTS,INTERIOR LOT,RR,400.0
ZAMBOANGA DEL SUR,ZAMBOANGA CITY,LATUAN,ALL LOTS,,RR,500.0
ZAMBOANGA DEL SUR,ZAMBOANGA CITY,LATUAN,ALL LOTS,None,A50,50.0
ZAMBOANGA DEL SUR,ZAMBOANGA CITY,LATUAN,ALL LOTS,INTERIOR LOT,RR,200.0
ZAMBOANGA DEL SUR,ZAMBOANGA CITY,LICOMO,ALL LOTS,,RR,500.0
ZAMBOANGA DEL SUR,ZAMBOANGA CITY,LICOMO,ALL LOTS,None,A50,50.0
ZAMBOANGA DEL SUR,ZAMBOANGA CITY,LIMAONG CENTER,ALL LOTS,,RR,500.0
ZAMBOANGA DEL SUR,ZAMBOANGA CITY,LIMAONG CENTER,ALL LOTS,None,A50,50.0
ZAMBOANGA DEL SUR,ZAMBOANGA CITY,LIMPAPA,ALL LOTS,,RR,1300.0
ZAMBOANGA DEL SUR,ZAMBOANGA CITY,LIMPAPA,ALL LOTS,None,A50,50.0
ZAMBOANGA DEL SUR,ZAMBOANGA CITY,LIMPAPA,ALL LOTS,INTERIOR LOT,RR,500.0
ZAMBOANGA DEL SUR,ZAMBOANGA CITY,LUBIGAN,ALL LOTS,,RR,500.0
ZAMBOANGA DEL SUR,ZAMBOANGA CITY,LUBIGAN,ALL LOTS,None,A50,50.0
ZAMBOANGA DEL SUR,ZAMBOANGA CITY,LUBIGAN,ALL LOTS,INTERIOR LOT,RR,200.0
ZAMBOANGA DEL SUR,ZAMBOANGA CITY,LUMAYANG,ALL LOTS,,RR,1300.0
ZAMBOANGA DEL SUR,ZAMBOANGA CITY,LUMAYANG,ALL LOTS,None,A50,70.0
ZAMBOANGA DEL SUR,ZAMBOANGA CITY,LUMAYANG,ALL LOTS,INTERIOR LOT,RR,600.0
ZAMBOANGA DEL SUR,ZAMBOANGA CITY,LUMBANGAN,ALL LOTS,,CR,2400.0
ZAMBOANGA DEL SUR,ZAMBOANGA CITY,LUMBANGAN,ALL LOTS,None,RR,1400.0
ZAMBOANGA DEL SUR,ZAMBOANGA CITY,LUMBANGAN,ALL LOTS,None,A50,90.0
ZAMBOANGA DEL SUR,ZAMBOANGA CITY,LUMBANGAN,ALL LOTS,INTERIOR LOT,RR,600.0
ZAMBOANGA DEL SUR,ZAMBOANGA CITY,LUNZURAN,ALL LOTS,,CR,3000.0
ZAMBOANGA DEL SUR,ZAMBOANGA CITY,LUNZURAN,ALL LOTS,None,RR,2000.0
ZAMBOANGA DEL SUR,ZAMBOANGA CITY,LUNZURAN,ALL LOTS,None,A50,250.0
ZAMBOANGA DEL SUR,ZAMBOANGA CITY,LUNZURAN,ALL LOTS,INTERIOR LOT,RR,1400.0
ZAMBOANGA DEL SUR,ZAMBOANGA CITY,LUNZURAN,CASAS DE AMOR SUBDIVISION,,RR,2900.0
ZAMBOANGA DEL SUR,ZAMBOANGA CITY,LUNZURAN,PATRICIO HOMES SUBDIVISION,,RR,2800.0
ZAMBOANGA DEL SUR,ZAMBOANGA CITY,LUNZURAN,SAN IGNACIO SUBDIVISION,,RR,7100.0
ZAMBOANGA DEL SUR,ZAMBOANGA CITY,LUNZURAN,WOODRIDGE SUBDIVISION,,RR,7100.0
ZAMBOANGA DEL SUR,ZAMBOANGA CITY,LUNZURAN,ALL OTHER SUBDIVISION,None,RR,2600.0
ZAMBOANGA DEL SUR,ZAMBOANGA CITY,LUNZURAN,ALL OTHER SOCIALIZED SUBDIVISION,None,RR,1400.0
ZAMBOANGA DEL SUR,ZAMBOANGA CITY,MAASIN,ALL LOTS,,CR,2900.0
ZAMBOANGA DEL SUR,ZAMBOANGA CITY,MAASIN,ALL LOTS,None,RR,1600.0
ZAMBOANGA DEL SUR,ZAMBOANGA CITY,MAASIN,ALL LOTS,None,I,1600.0
ZAMBOANGA DEL SUR,ZAMBOANGA CITY,MAASIN,ALL LOTS,None,A50,70.0
ZAMBOANGA DEL SUR,ZAMBOANGA CITY,MAASIN,ALL LOTS,INTERIOR LOT,RR,1000.0
ZAMBOANGA DEL SUR,ZAMBOANGA CITY,MAASIN,CAHAYA TIMUR SUBDIVISION,,RR,1400.0
ZAMBOANGA DEL SUR,ZAMBOANGA CITY,MAASIN,ALL SOCIALIZED HOUSING SUBDIVISION,,RR,1300.0
ZAMBOANGA DEL SUR,ZAMBOANGA CITY,MAASIN,ALL OTHER SUBDIVISION,None,RR,1300.0
ZAMBOANGA DEL SUR,ZAMBOANGA CITY,MALAGUTAY,ALL LOTS,,CR,2800.0
ZAMBOANGA DEL SUR,ZAMBOANGA CITY,MALAGUTAY,ALL LOTS,None,RR,1700.0
ZAMBOANGA DEL SUR,ZAMBOANGA CITY,MALAGUTAY,ALL LOTS,None,A50,60.0
ZAMBOANGA DEL SUR,ZAMBOANGA CITY,MALAGUTAY,ALL LOTS,INTERIOR LOT,RR,1100.0
ZAMBOANGA DEL SUR,ZAMBOANGA CITY,MAMPANG,ALL LOTS,,CR,2600.0
ZAMBOANGA DEL SUR,ZAMBOANGA CITY,MAMPANG,ALL LOTS,None,RR,1400.0
ZAMBOANGA DEL SUR,ZAMBOANGA CITY,MAMPANG,ALL LOTS,None,I,2500.0
ZAMBOANGA DEL SUR,ZAMBOANGA CITY,MAMPANG,ALL LOTS,None,A50,240.0
ZAMBOANGA DEL SUR,ZAMBOANGA CITY,MAMPANG,ALL LOTS,INTERIOR LOT,RR,1100.0
ZAMBOANGA DEL SUR,ZAMBOANGA CITY,MAMPANG,VILLA TERESA SUBDIVISION,,RR,2700.0
ZAMBOANGA DEL SUR,ZAMBOANGA CITY,MAMPANG,INLAND GREEN SUBDIVISION,,RR,2600.0
ZAMBOANGA DEL SUR,ZAMBOANGA CITY,MAMPANG,EXECUTUVE HOMES SUBDIVISION,,RR,2500.0
ZAMBOANGA DEL SUR,ZAMBOANGA CITY,MAMPANG,ALL SOCIALIZED HOUSING SUBDIVISION,,RR,1500.0
ZAMBOANGA DEL SUR,ZAMBOANGA CITY,MAMPANG,ALL OTHER SUBDIVISION,None,RR,1500.0
ZAMBOANGA DEL SUR,ZAMBOANGA CITY,MANALIPA,ALL LOTS,,RR,125.0
ZAMBOANGA DEL SUR,ZAMBOANGA CITY,MANALIPA,ALL LOTS,None,A50,30.0
ZAMBOANGA DEL SUR,ZAMBOANGA CITY,MANGUSU,ALL LOTS,,RR,500.0
ZAMBOANGA DEL SUR,ZAMBOANGA CITY,MANGUSU,ALL LOTS,None,A50,50.0
ZAMBOANGA DEL SUR,ZAMBOANGA CITY,MANGUSU,ALL LOTS,INTERIOR LOT,RR,200.0
ZAMBOANGA DEL SUR,ZAMBOANGA CITY,MANICAHAN,ALL LOTS,,CR,2400.0
ZAMBOANGA DEL SUR,ZAMBOANGA CITY,MANICAHAN,ALL LOTS,None,RR,1100.0
ZAMBOANGA DEL SUR,ZAMBOANGA CITY,MANICAHAN,ALL LOTS,None,A50,50.0
ZAMBOANGA DEL SUR,ZAMBOANGA CITY,MANICAHAN,ALL LOTS,INTERIOR LOT,RR,500.0
ZAMBOANGA DEL SUR,ZAMBOANGA CITY,MARIKI ISLAND,ALL LOTS,,RR,300.0
ZAMBOANGA DEL SUR,ZAMBOANGA CITY,MARIKI ISLAND,ALL LOTS,None,A50,40.0
ZAMBOANGA DEL SUR,ZAMBOANGA CITY,MERCEDES,ALL LOTS,,CR,2700.0
ZAMBOANGA DEL SUR,ZAMBOANGA CITY,MERCEDES,ALL LOTS,None,RR,1600.0
ZAMBOANGA DEL SUR,ZAMBOANGA CITY,MERCEDES,ALL LOTS,None,A50,270.0
ZAMBOANGA DEL SUR,ZAMBOANGA CITY,MERCEDES,ALL LOTS,INTERIOR LOT,RR,1300.0
ZAMBOANGA DEL SUR,ZAMBOANGA CITY,MERCEDES,VILLA TERESA SUBDIVISION,,RR,4500.0
ZAMBOANGA DEL SUR,ZAMBOANGA CITY,MERCEDES,BLUE HOMES CITY SUBDIVISION,,RR,2900.0
ZAMBOANGA DEL SUR,ZAMBOANGA CITY,MERCEDES,ALL OTHER SUBDIVISION,None,RR,2600.0
ZAMBOANGA DEL SUR,ZAMBOANGA CITY,MERCEDES,ALL SOCIALIZED HOUSING SUBDIVISION,,RR,1500.0
ZAMBOANGA DEL SUR,ZAMBOANGA CITY,MUTI,ALL LOTS,,RR,500.0
ZAMBOANGA DEL SUR,ZAMBOANGA CITY,MUTI,ALL LOTS,None,A50,50.0
ZAMBOANGA DEL SUR,ZAMBOANGA CITY,PAMUCUTAN,ALL LOTS,,RR,1300.0
ZAMBOANGA DEL SUR,ZAMBOANGA CITY,PAMUCUTAN,ALL LOTS,None,A50,50.0
ZAMBOANGA DEL SUR,ZAMBOANGA CITY,PAMUCUTAN,ALL LOTS,None,I,1400.0
ZAMBOANGA DEL SUR,ZAMBOANGA CITY,PAMUCUTAN,ALL LOTS,INTERIOR LOT,RR,500.0
ZAMBOANGA DEL SUR,ZAMBOANGA CITY,PANGAPUYAN ISLAND,ALL LOTS,,RR,125.0
ZAMBOANGA DEL SUR,ZAMBOANGA CITY,PANGAPUYAN ISLAND,ALL LOTS,None,A50,50.0
ZAMBOANGA DEL SUR,ZAMBOANGA CITY,PANUBIGAN,ALL LOTS,,RR,500.0
ZAMBOANGA DEL SUR,ZAMBOANGA CITY,PANUBIGAN,ALL LOTS,None,A50,50.0
ZAMBOANGA DEL SUR,ZAMBOANGA CITY,PASILMANTA,ALL LOTS,,RR,130.0
ZAMBOANGA DEL SUR,ZAMBOANGA CITY,PASILMANTA,ALL LOTS,None,A50,50.0
ZAMBOANGA DEL SUR,ZAMBOANGA CITY,PASOBOLONG,ALL LOTS,,CR,2400.0
ZAMBOANGA DEL SUR,ZAMBOANGA CITY,PASOBOLONG,ALL LOTS,None,RR,1500.0
ZAMBOANGA DEL SUR,ZAMBOANGA CITY,PASOBOLONG,ALL LOTS,None,A50,50.0
ZAMBOANGA DEL SUR,ZAMBOANGA CITY,PASOBOLONG,ALL LOTS,INTERIOR LOT,RR,1100.0
ZAMBOANGA DEL SUR,ZAMBOANGA CITY,PASONANCA,ALL LOTS,,CR,3100.0
ZAMBOANGA DEL SUR,ZAMBOANGA CITY,PASONANCA,ALL LOTS,None,RR,2500.0
ZAMBOANGA DEL SUR,ZAMBOANGA CITY,PASONANCA,ALL LOTS,None,X,2600.0
ZAMBOANGA DEL SUR,ZAMBOANGA CITY,PASONANCA,ALL LOTS,None,A50,210.0
ZAMBOANGA DEL SUR,ZAMBOANGA CITY,PASONANCA,ALL LOTS,INTERIOR LOT,RR,1700.0
ZAMBOANGA DEL SUR,ZAMBOANGA CITY,PASONANCA,SUMMER HILL SUBDIVISION,,RR,6900.0
ZAMBOANGA DEL SUR,ZAMBOANGA CITY,PASONANCA,BLUE HOMES EXECUTIVE SUBDIVISION,,RR,2700.0
ZAMBOANGA DEL SUR,ZAMBOANGA CITY,PASONANCA,HB HOMES SUBDIVISION,,RR,2800.0
ZAMBOANGA DEL SUR,ZAMBOANGA CITY,PASONANCA,ALL SOCIALIZED HOUSING SUBDIVISION,,RR,1500.0
ZAMBOANGA DEL SUR,ZAMBOANGA CITY,PASONANCA,ALL OTHER SUBDIVISION,None,RR,1600.0
ZAMBOANGA DEL SUR,ZAMBOANGA CITY,PATALON,ALL STREETS,,CR,2300.0
ZAMBOANGA DEL SUR,ZAMBOANGA CITY,PATALON,ALL STREETS,,RR,1300.0
ZAMBOANGA DEL SUR,ZAMBOANGA CITY,PATALON,ALL STREETS,,A50,50.0
ZAMBOANGA DEL SUR,ZAMBOANGA CITY,PATALON,ALL STREETS,,I,1400.0
ZAMBOANGA DEL SUR,ZAMBOANGA CITY,PATALON,ALL STREETS,INTERIOR LOT,RR,500.0
ZAMBOANGA DEL SUR,ZAMBOANGA CITY,PUTIK,ALL STREETS,INTERIOR LOT,CR,4900.0
ZAMBOANGA DEL SUR,ZAMBOANGA CITY,PUTIK,ALL STREETS,INTERIOR LOT,RR,3200.0
ZAMBOANGA DEL SUR,ZAMBOANGA CITY,PUTIK,ALL STREETS,INTERIOR LOT,A50,200.0
ZAMBOANGA DEL SUR,ZAMBOANGA CITY,PUTIK,ALL STREETS,INTERIOR LOT,CR,3200.0
ZAMBOANGA DEL SUR,ZAMBOANGA CITY,PUTIK,ALL STREETS,INTERIOR LOT,RR,2200.0
ZAMBOANGA DEL SUR,ZAMBOANGA CITY,PUTIK,SAND'S SUBDIVISION,,RR,2700.0
ZAMBOANGA DEL SUR,ZAMBOANGA CITY,PUTIK,A & W SUBDIVISION(MORNING GLORY),,RR,2700.0
ZAMBOANGA DEL SUR,ZAMBOANGA CITY,PUTIK,A & W SUBDIVISION(STO NINO),,RR,2600.0
ZAMBOANGA DEL SUR,ZAMBOANGA CITY,PUTIK,ALL SOCIALIZED HOUSING SUBDIVISION,,RR,1500.0
ZAMBOANGA DEL SUR,ZAMBOANGA CITY,PUTIK,ALL OTHER SUBDIVISION,,RR,1700.0
ZAMBOANGA DEL SUR,ZAMBOANGA CITY,QUINIPUT,ALL STREETS,,RR,500.0
ZAMBOANGA DEL SUR,ZAMBOANGA CITY,QUINIPUT,ALL STREETS,,A50,50.0
ZAMBOANGA DEL SUR,ZAMBOANGA CITY,QUINIPUT,ALL STREETS,INTERIOR LOT,RR,200.0
ZAMBOANGA DEL SUR,ZAMBOANGA CITY,RECODO,ALL STREETS,INTERIOR LOT,CR,2500.0
ZAMBOANGA DEL SUR,ZAMBOANGA CITY,RECODO,ALL STREETS,INTERIOR LOT,RR,1200.0
ZAMBOANGA DEL SUR,ZAMBOANGA CITY,RECODO,ALL STREETS,INTERIOR LOT,I,3900.0
ZAMBOANGA DEL SUR,ZAMBOANGA CITY,RECODO,ALL STREETS,INTERIOR LOT,A50,200.0
ZAMBOANGA DEL SUR,ZAMBOANGA CITY,RECODO,ALL STREETS,INTERIOR LOT,RR,600.0
ZAMBOANGA DEL SUR,ZAMBOANGA CITY,RIO HONDO,ALL STREETS,INTERIOR LOT,CR,2400.0
ZAMBOANGA DEL SUR,ZAMBOANGA CITY,RIO HONDO,ALL STREETS,INTERIOR LOT,RR,1100.0
ZAMBOANGA DEL SUR,ZAMBOANGA CITY,RIO HONDO,ALL STREETS,INTERIOR LOT,RR,700.0
ZAMBOANGA DEL SUR,ZAMBOANGA CITY,RIO HONDO,ALL STREETS,INTERIOR LOT,A50,50.0
ZAMBOANGA DEL SUR,ZAMBOANGA CITY,SALAAN,ALL STREETS,INTERIOR LOT,CR,2400.0
ZAMBOANGA DEL SUR,ZAMBOANGA CITY,SALAAN,ALL STREETS,INTERIOR LOT,RR,1300.0
ZAMBOANGA DEL SUR,ZAMBOANGA CITY,SALAAN,ALL STREETS,INTERIOR LOT,X,1300.0
ZAMBOANGA DEL SUR,ZAMBOANGA CITY,SALAAN,ALL STREETS,INTERIOR LOT,A50,50.0
ZAMBOANGA DEL SUR,ZAMBOANGA CITY,SALAAN,ALL STREETS,INTERIOR LOT,RR,700.0
ZAMBOANGA DEL SUR,ZAMBOANGA CITY,SAN JOSE-CAWA-CAWA,R. T. LIM,,CR,19900.0
ZAMBOANGA DEL SUR,ZAMBOANGA CITY,SAN JOSE-CAWA-CAWA,R. T. LIM,,RR,5100.0
ZAMBOANGA DEL SUR,ZAMBOANGA CITY,SAN JOSE-CAWA-CAWA,R. T. LIM,,X,5900.0
ZAMBOANGA DEL SUR,ZAMBOANGA CITY,SAN JOSE-CAWA-CAWA,R. T. LIM,INTERIOR LOT,RR,4700.0
ZAMBOANGA DEL SUR,ZAMBOANGA CITY,SAN JOSE GUSU,ALL STREETS,,CR,4300.0
ZAMBOANGA DEL SUR,ZAMBOANGA CITY,SAN JOSE GUSU,ALL STREETS,,RR,3000.0
ZAMBOANGA DEL SUR,ZAMBOANGA CITY,SAN JOSE GUSU,ALL STREETS,,X,3100.0
ZAMBOANGA DEL SUR,ZAMBOANGA CITY,SAN JOSE GUSU,ALL STREETS,INTERIOR LOT,RR,2000.0
ZAMBOANGA DEL SUR,ZAMBOANGA CITY,SAN ROQUE,SAN JOSE RD TO GOV RAMOS,,CR,5100.0
ZAMBOANGA DEL SUR,ZAMBOANGA CITY,SAN ROQUE,SAN JOSE RD TO GOV RAMOS,,RR,3000.0
ZAMBOANGA DEL SUR,ZAMBOANGA CITY,SAN ROQUE,ALL OTHER STREETS,,CR,3100.0
ZAMBOANGA DEL SUR,ZAMBOANGA CITY,SAN ROQUE,ALL OTHER STREETS,None,RR,2100.0
ZAMBOANGA DEL SUR,ZAMBOANGA CITY,SAN ROQUE,ALL OTHER STREETS,None,I,2600.0
ZAMBOANGA DEL SUR,ZAMBOANGA CITY,SAN ROQUE,ALL OTHER STREETS,None,A50,220.0
ZAMBOANGA DEL SUR,ZAMBOANGA CITY,SAN ROQUE,ALL OTHER STREETS,INTERIOR LOT,RR,1400.0
ZAMBOANGA DEL SUR,ZAMBOANGA CITY,SAN ROQUE,WEST TOWNSVILLE SUBDIVISION,,RR,2500.0
ZAMBOANGA DEL SUR,ZAMBOANGA CITY,SAN ROQUE,A& R SUBDIVISION (P1 & P2),,RR,2600.0
ZAMBOANGA DEL SUR,ZAMBOANGA CITY,SAN ROQUE,ALL SOCIALIZED HOUSING SUBDIVISION,,RR,1400.0
ZAMBOANGA DEL SUR,ZAMBOANGA CITY,SAN ROQUE,ALL OTHER SUBDIVISION,None,RR,1500.0
ZAMBOANGA DEL SUR,ZAMBOANGA CITY,SANGALI,ALL STREETS,,CR,2500.0
ZAMBOANGA DEL SUR,ZAMBOANGA CITY,SANGALI,ALL STREETS,,RR,1100.0
ZAMBOANGA DEL SUR,ZAMBOANGA CITY,SANGALI,ALL STREETS,,I,1600.0
ZAMBOANGA DEL SUR,ZAMBOANGA CITY,SANGALI,ALL STREETS,,A50,80.0
ZAMBOANGA DEL SUR,ZAMBOANGA CITY,SANGALI,ALL STREETS,INTERIOR LOT,RR,500.0
ZAMBOANGA DEL SUR,ZAMBOANGA CITY,SANTA BARBARA,VETERANS AVE.,ABELARDO FERNANDEZ  ST. TO LEGIONAIRE ST,CR,20300.0
ZAMBOANGA DEL SUR,ZAMBOANGA CITY,SANTA BARBARA,VETERANS AVE.,ABELARDO FERNANDEZ  ST. TO LEGIONAIRE ST,RR,5900.0
ZAMBOANGA DEL SUR,ZAMBOANGA CITY,SANTA BARBARA,ALL OTHER STREETS,,CR,7000.0
ZAMBOANGA DEL SUR,ZAMBOANGA CITY,SANTA BARBARA,ALL OTHER STREETS,None,RR,3200.0
ZAMBOANGA DEL SUR,ZAMBOANGA CITY,SANTA BARBARA,ALL OTHER STREETS,INTERIOR LOT,RR,2100.0
ZAMBOANGA DEL SUR,ZAMBOANGA CITY,SANTA BARBARA,ALL OTHER STREETS,INTERIOR LOT,A50,200.0
ZAMBOANGA DEL SUR,ZAMBOANGA CITY,SANTA BARBARA,ALL OTHER STREETS,SANTA CRUZ ISLAND,CR,2500.0
ZAMBOANGA DEL SUR,ZAMBOANGA CITY,SANTA BARBARA,ALL OTHER STREETS,SANTA CRUZ ISLAND,RR,800.0
ZAMBOANGA DEL SUR,ZAMBOANGA CITY,SANTA BARBARA,ALL OTHER STREETS,SANTA CRUZ ISLAND,A24,90.0
ZAMBOANGA DEL SUR,ZAMBOANGA CITY,SANTA BARBARA,ALL OTHER STREETS,SANTA CRUZ ISLAND,A40,2530.0
ZAMBOANGA DEL SUR,ZAMBOANGA CITY,SANTA CATALINA,EVANGELISTA ST,VETERANS AVE TO LUSTRE ST,CR,4900.0
ZAMBOANGA DEL SUR,ZAMBOANGA CITY,SANTA CATALINA,EVANGELISTA ST,VETERANS AVE TO LUSTRE ST,RR,3000.0
ZAMBOANGA DEL SUR,ZAMBOANGA CITY,SANTA CATALINA,EVANGELISTA ST,VETERANS AVE TO LUSTRE ST,I,6100.0
ZAMBOANGA DEL SUR,ZAMBOANGA CITY,SANTA CATALINA,EVANGELISTA ST,INTERIOR LOT,RR,1900.0
ZAMBOANGA DEL SUR,ZAMBOANGA CITY,SANTA CATALINA,TALON LOOP,,CR,4700.0
ZAMBOANGA DEL SUR,ZAMBOANGA CITY,SANTA CATALINA,TALON LOOP,,RR,3000.0
ZAMBOANGA DEL SUR,ZAMBOANGA CITY,SANTA CATALINA,TALON LOOP,INTERIOR LOT,RR,1800.0
ZAMBOANGA DEL SUR,ZAMBOANGA CITY,SANTA CATALINA,VETERANS AVE,FRONT OF CAMANCHILE TO ABELARDO FERNANDEZ ST,CR,22600.0
ZAMBOANGA DEL SUR,ZAMBOANGA CITY,SANTA CATALINA,VETERANS AVE,FRONT OF CAMANCHILE TO ABELARDO FERNANDEZ ST,RR,10100.0
ZAMBOANGA DEL SUR,ZAMBOANGA CITY,SANTA CATALINA,ALL OTHER STREETS,,CR,3800.0
ZAMBOANGA DEL SUR,ZAMBOANGA CITY,SANTA CATALINA,ALL OTHER STREETS,None,RR,1900.0
ZAMBOANGA DEL SUR,ZAMBOANGA CITY,SANTA CATALINA,ALL OTHER STREETS,INTERIOR LOT,RR,900.0
ZAMBOANGA DEL SUR,ZAMBOANGA CITY,SANTA CATALINA,ALL OTHER STREETS,INTERIOR LOT,GP,800.0
ZAMBOANGA DEL SUR,ZAMBOANGA CITY,SANTA CATALINA,ALL OTHER STREETS,SALT BED,A38,200.0
ZAMBOANGA DEL SUR,ZAMBOANGA CITY,SANTA CATALINA,LULUA HOMES SUBDIVISION,,RR,4500.0
ZAMBOANGA DEL SUR,ZAMBOANGA CITY,SANTA CATALINA,SM HOMES SUBDIVISION,,RR,4500.0
ZAMBOANGA DEL SUR,ZAMBOANGA CITY,SANTA CATALINA,ALL OTHER SUBDIVISION,None,RR,2500.0
ZAMBOANGA DEL SUR,ZAMBOANGA CITY,SANTA CATALINA,ALL SOCIALIZED HOUSING SUBDIVISION,,RR,1400.0
ZAMBOANGA DEL SUR,ZAMBOANGA CITY,SANTA MARIA,GOV. CAMINS AVE,,CR,9900.0
ZAMBOANGA DEL SUR,ZAMBOANGA CITY,SANTA MARIA,GOV. CAMINS AVE,,RR,5000.0
ZAMBOANGA DEL SUR,ZAMBOANGA CITY,SANTA MARIA,GOV. CAMINS AVE,INTERIOR LOT,RR,3000.0
ZAMBOANGA DEL SUR,ZAMBOANGA CITY,SANTA MARIA,GOV. RAMOS AVE,,CR,5000.0
ZAMBOANGA DEL SUR,ZAMBOANGA CITY,SANTA MARIA,GOV. RAMOS AVE,,RR,3200.0
ZAMBOANGA DEL SUR,ZAMBOANGA CITY,SANTA MARIA,GOV. RAMOS AVE,,X,3400.0
ZAMBOANGA DEL SUR,ZAMBOANGA CITY,SANTA MARIA,GOV. RAMOS AVE,INTERIOR LOT,RR,2100.0
ZAMBOANGA DEL SUR,ZAMBOANGA CITY,SANTA MARIA,M. VICENTA,,CR,5100.0
ZAMBOANGA DEL SUR,ZAMBOANGA CITY,SANTA MARIA,M. VICENTA,,RR,3400.0
ZAMBOANGA DEL SUR,ZAMBOANGA CITY,SANTA MARIA,M. VICENTA,INTERIOR LOT,RR,2100.0
ZAMBOANGA DEL SUR,ZAMBOANGA CITY,SANTA MARIA,NUÑEZ EXT.,,CR,9900.0
ZAMBOANGA DEL SUR,ZAMBOANGA CITY,SANTA MARIA,NUÑEZ EXT.,,RR,5000.0
ZAMBOANGA DEL SUR,ZAMBOANGA CITY,SANTA MARIA,NUÑEZ EXT.,INTERIOR LOT,RR,3100.0
ZAMBOANGA DEL SUR,ZAMBOANGA CITY,SANTA MARIA,DE LEON,,CR,5100.0
ZAMBOANGA DEL SUR,ZAMBOANGA CITY,SANTA MARIA,DE LEON,,RR,3100.0
ZAMBOANGA DEL SUR,ZAMBOANGA CITY,SANTA MARIA,DE LEON,INTERIOR LOT,RR,2000.0
ZAMBOANGA DEL SUR,ZAMBOANGA CITY,SANTA MARIA,SAAVEDRA ST,,CR,5100.0
ZAMBOANGA DEL SUR,ZAMBOANGA CITY,SANTA MARIA,SAAVEDRA ST,,RR,3200.0
ZAMBOANGA DEL SUR,ZAMBOANGA CITY,SANTA MARIA,SAAVEDRA ST,INTERIOR LOT,RR,1900.0
ZAMBOANGA DEL SUR,ZAMBOANGA CITY,SANTA MARIA,SANTA MARIA - PASONANCA ROAD,,CR,5400.0
ZAMBOANGA DEL SUR,ZAMBOANGA CITY,SANTA MARIA,SANTA MARIA - PASONANCA ROAD,,RR,3600.0
ZAMBOANGA DEL SUR,ZAMBOANGA CITY,SANTA MARIA,VETERANS AVE. EXT.,GOV. CAMINS AVE. TO GOV. RAMOS AVE.,CR,13500.0
ZAMBOANGA DEL SUR,ZAMBOANGA CITY,SANTA MARIA,VETERANS AVE. EXT.,GOV. CAMINS AVE. TO GOV. RAMOS AVE.,RR,4900.0
ZAMBOANGA DEL SUR,ZAMBOANGA CITY,SANTA MARIA,VETERANS AVE. EXT.,INTERIOR LOT,RR,3400.0
ZAMBOANGA DEL SUR,ZAMBOANGA CITY,SANTA MARIA,VILLA STA MARIA,,CR,5100.0
ZAMBOANGA DEL SUR,ZAMBOANGA CITY,SANTA MARIA,VILLA STA MARIA,,RR,3100.0
ZAMBOANGA DEL SUR,ZAMBOANGA CITY,SANTA MARIA,ALL OTHER STREETS,,CR,4900.0
ZAMBOANGA DEL SUR,ZAMBOANGA CITY,SANTA MARIA,ALL OTHER STREETS,None,RR,3100.0
ZAMBOANGA DEL SUR,ZAMBOANGA CITY,SANTA MARIA,ALL OTHER STREETS,INTERIOR LOT,RR,1900.0
ZAMBOANGA DEL SUR,ZAMBOANGA CITY,SANTA MARIA,ALL OTHER STREETS,INTERIOR LOT,A50,250.0
ZAMBOANGA DEL SUR,ZAMBOANGA CITY,SANTA MARIA,NAVARRO COURT SUBD.,,RR,4600.0
ZAMBOANGA DEL SUR,ZAMBOANGA CITY,SANTO NIÑO,GOV. ALVAREZ AVE. (FORMER BUENAVISTA),MAYOR JALDON TO SAN JOSE ROAD,CR,22800.0
ZAMBOANGA DEL SUR,ZAMBOANGA CITY,SANTO NIÑO,GOV. ALVAREZ AVE. (FORMER BUENAVISTA),MAYOR JALDON TO SAN JOSE ROAD,RR,8000.0
ZAMBOANGA DEL SUR,ZAMBOANGA CITY,SANTO NIÑO,GOV. ALVAREZ AVE. (FORMER BUENAVISTA),INTERIOR LOT,RR,5000.0
ZAMBOANGA DEL SUR,ZAMBOANGA CITY,SANTO NIÑO,SAN JOSE ROAD,GOV. ALVAREZ AVE-TRIPLITT RD,CR,9400.0
ZAMBOANGA DEL SUR,ZAMBOANGA CITY,SANTO NIÑO,SAN JOSE ROAD,GOV. ALVAREZ AVE-TRIPLITT RD,RR,4600.0
ZAMBOANGA DEL SUR,ZAMBOANGA CITY,SANTO NIÑO,ALL STREETS,,CR,6500.0
ZAMBOANGA DEL SUR,ZAMBOANGA CITY,SANTO NIÑO,ALL STREETS,,RR,4600.0
ZAMBOANGA DEL SUR,ZAMBOANGA CITY,SANTO NIÑO,ALL STREETS,INTERIOR LOT,CR,4800.0
ZAMBOANGA DEL SUR,ZAMBOANGA CITY,SANTO NIÑO,ALL STREETS,INTERIOR LOT,RR,2300.0
ZAMBOANGA DEL SUR,ZAMBOANGA CITY,SANTO NIÑO,ALL STREETS,INTERIOR LOT,A50,210.0
ZAMBOANGA DEL SUR,ZAMBOANGA CITY,SIBULAO,ALL STREETS,INTERIOR LOT,RR,500.0
ZAMBOANGA DEL SUR,ZAMBOANGA CITY,SIBULAO,ALL STREETS,INTERIOR LOT,A50,50.0
ZAMBOANGA DEL SUR,ZAMBOANGA CITY,SINUBONG,ALL STREETS,INTERIOR LOT,RR,1300.0
ZAMBOANGA DEL SUR,ZAMBOANGA CITY,SINUBONG,ALL STREETS,INTERIOR LOT,A50,50.0
ZAMBOANGA DEL SUR,ZAMBOANGA CITY,SINUBONG,ALL STREETS,INTERIOR LOT,RR,500.0
ZAMBOANGA DEL SUR,ZAMBOANGA CITY,SINUNUC,ALL STREETS,INTERIOR LOT,CR,2900.0
ZAMBOANGA DEL SUR,ZAMBOANGA CITY,SINUNUC,ALL STREETS,INTERIOR LOT,RR,1600.0
ZAMBOANGA DEL SUR,ZAMBOANGA CITY,SINUNUC,ALL STREETS,INTERIOR LOT,I,4000.0
ZAMBOANGA DEL SUR,ZAMBOANGA CITY,SINUNUC,ALL STREETS,INTERIOR LOT,A50,50.0
ZAMBOANGA DEL SUR,ZAMBOANGA CITY,SINUNUC,ALL STREETS,INTERIOR LOT,RR,1000.0
ZAMBOANGA DEL SUR,ZAMBOANGA CITY,SINUNUC,ASID KINGDOM VILLAGE,,RR,2500.0
ZAMBOANGA DEL SUR,ZAMBOANGA CITY,SINUNUC,RANCHO DEL RIO SUBDIVISION,,RR,4300.0
ZAMBOANGA DEL SUR,ZAMBOANGA CITY,SINUNUC,ALL SOCIALIZED HOUSING SUBDIVISION,,RR,1500.0
ZAMBOANGA DEL SUR,ZAMBOANGA CITY,SINUNUC,ALL OTHER SUBDIVISION,,RR,1500.0
ZAMBOANGA DEL SUR,ZAMBOANGA CITY,TAGASILAY,ALL STREETS,,RR,500.0
ZAMBOANGA DEL SUR,ZAMBOANGA CITY,TAGASILAY,ALL STREETS,,A50,50.0
ZAMBOANGA DEL SUR,ZAMBOANGA CITY,TAGASILAY,ALL STREETS,INTERIOR LOT,RR,200.0
ZAMBOANGA DEL SUR,ZAMBOANGA CITY,TAGUITI,ALL STREETS,INTERIOR LOT,RR,500.0
ZAMBOANGA DEL SUR,ZAMBOANGA CITY,TAGUITI,ALL STREETS,INTERIOR LOT,A50,50.0
ZAMBOANGA DEL SUR,ZAMBOANGA CITY,TALABAAN,ALL STREETS,INTERIOR LOT,RR,1100.0
ZAMBOANGA DEL SUR,ZAMBOANGA CITY,TALABAAN,ALL STREETS,INTERIOR LOT,A50,70.0
ZAMBOANGA DEL SUR,ZAMBOANGA CITY,TALABAAN,ALL STREETS,INTERIOR LOT,RR,700.0
ZAMBOANGA DEL SUR,ZAMBOANGA CITY,TALABAAN,ALL SUBDIVISIONS,,RR,1200.0
ZAMBOANGA DEL SUR,ZAMBOANGA CITY,TALISAYAN,ALL STREETS,,CR,2500.0
ZAMBOANGA DEL SUR,ZAMBOANGA CITY,TALISAYAN,ALL STREETS,,RR,1400.0
ZAMBOANGA DEL SUR,ZAMBOANGA CITY,TALISAYAN,ALL STREETS,,I,3900.0
ZAMBOANGA DEL SUR,ZAMBOANGA CITY,TALISAYAN,ALL STREETS,,A50,310.0
ZAMBOANGA DEL SUR,ZAMBOANGA CITY,TALISAYAN,ALL STREETS,INTERIOR LOT,RR,600.0
ZAMBOANGA DEL SUR,ZAMBOANGA CITY,TALON TALON,TALON-TALON ROAD,TALON-TALON LOOP-TALON-TALON-TUGBUNGAN LOOP,CR,4800.0
ZAMBOANGA DEL SUR,ZAMBOANGA CITY,TALON TALON,TALON-TALON ROAD,TALON-TALON LOOP-TALON-TALON-TUGBUNGAN LOOP,RR,3100.0
ZAMBOANGA DEL SUR,ZAMBOANGA CITY,TALON TALON,ALL OTHER STREETS,,CR,4000.0
ZAMBOANGA DEL SUR,ZAMBOANGA CITY,TALON TALON,ALL OTHER STREETS,None,RR,2200.0
ZAMBOANGA DEL SUR,ZAMBOANGA CITY,TALON TALON,ALL OTHER STREETS,None,A50,300.0
ZAMBOANGA DEL SUR,ZAMBOANGA CITY,TALON TALON,ALL OTHER STREETS,None,I,4200.0
ZAMBOANGA DEL SUR,ZAMBOANGA CITY,TALON TALON,ALL OTHER STREETS,INTERIOR LOT,RR,1600.0
ZAMBOANGA DEL SUR,ZAMBOANGA CITY,TALUKSANGAY,ALL OTHER STREETS,,CR,2300.0
ZAMBOANGA DEL SUR,ZAMBOANGA CITY,TALUKSANGAY,ALL OTHER STREETS,None,RR,1100.0
ZAMBOANGA DEL SUR,ZAMBOANGA CITY,TALUKSANGAY,ALL OTHER STREETS,None,A50,190.0
ZAMBOANGA DEL SUR,ZAMBOANGA CITY,TALUKSANGAY,ALL OTHER STREETS,INTERIOR LOT,RR,700.0
ZAMBOANGA DEL SUR,ZAMBOANGA CITY,TETUAN,VETERANS AVE,Don Alfaro St. to Tetuan Highway,CR,23700.0
ZAMBOANGA DEL SUR,ZAMBOANGA CITY,TETUAN,VETERANS AVE,Don Alfaro St. to Tetuan Highway,RR,7900.0
ZAMBOANGA DEL SUR,ZAMBOANGA CITY,TETUAN,VETERANS AVE,Don Alfaro St. to Tetuan Highway,X,21900.0
ZAMBOANGA DEL SUR,ZAMBOANGA CITY,TETUAN,VETERANS AVE,INTERIOR LOT,RR,4900.0
ZAMBOANGA DEL SUR,ZAMBOANGA CITY,TETUAN,VETERANS AVE. EXT.,Tetuan Highway to Tumaga Bridge,CR,14700.0
ZAMBOANGA DEL SUR,ZAMBOANGA CITY,TETUAN,VETERANS AVE. EXT.,Tetuan Highway to Tumaga Bridge,RR,4900.0
ZAMBOANGA DEL SUR,ZAMBOANGA CITY,TETUAN,VETERANS AVE. EXT.,Tetuan Highway to Tumaga Bridge,X,10400.0
ZAMBOANGA DEL SUR,ZAMBOANGA CITY,TETUAN,VETERANS AVE. EXT.,INTERIOR LOT,RR,3600.0
ZAMBOANGA DEL SUR,ZAMBOANGA CITY,TETUAN,DON ALFARO,Veterans Ave. to J.R. Estrada St.,CR,20200.0
ZAMBOANGA DEL SUR,ZAMBOANGA CITY,TETUAN,DON ALFARO,Veterans Ave. to J.R. Estrada St.,RR,6400.0
ZAMBOANGA DEL SUR,ZAMBOANGA CITY,TETUAN,DON ALFARO,J.R. Estrada St. to Talon-Talon Loop,CR,5400.0
ZAMBOANGA DEL SUR,ZAMBOANGA CITY,TETUAN,DON ALFARO,J.R. Estrada St. to Talon-Talon Loop,RR,4700.0
ZAMBOANGA DEL SUR,ZAMBOANGA CITY,TETUAN,DON ALFARO,INTERIOR LOT,RR,3100.0
ZAMBOANGA DEL SUR,ZAMBOANGA CITY,TETUAN,TETUAN HIGHWAY,Veterans Ave. to San Bernardino Bridge,CR,9900.0
ZAMBOANGA DEL SUR,ZAMBOANGA CITY,TETUAN,TETUAN HIGHWAY,Veterans Ave. to San Bernardino Bridge,RR,4900.0
ZAMBOANGA DEL SUR,ZAMBOANGA CITY,TETUAN,TETUAN HIGHWAY,Veterans Ave. to San Bernardino Bridge,I,9600.0
ZAMBOANGA DEL SUR,ZAMBOANGA CITY,TETUAN,TETUAN HIGHWAY,INTERIOR LOT,RR,3200.0
ZAMBOANGA DEL SUR,ZAMBOANGA CITY,TETUAN,CABATO ROAD,,CR,5300.0
ZAMBOANGA DEL SUR,ZAMBOANGA CITY,TETUAN,CABATO ROAD,,RR,4700.0
ZAMBOANGA DEL SUR,ZAMBOANGA CITY,TETUAN,CABATO ROAD,INTERIOR LOT,RR,3200.0
ZAMBOANGA DEL SUR,ZAMBOANGA CITY,TETUAN,CANDIDO ST,J.R. Estrada Street to C. Atilano St.,CR,5000.0
ZAMBOANGA DEL SUR,ZAMBOANGA CITY,TETUAN,CANDIDO ST,J.R. Estrada Street to C. Atilano St.,RR,4500.0
ZAMBOANGA DEL SUR,ZAMBOANGA CITY,TETUAN,CANDIDO ST,INTERIOR LOT,RR,3100.0
ZAMBOANGA DEL SUR,ZAMBOANGA CITY,TETUAN,ESTRADA ST,Don Alfaro to Tetuan Highway,CR,9400.0
ZAMBOANGA DEL SUR,ZAMBOANGA CITY,TETUAN,ESTRADA ST,Don Alfaro to Tetuan Highway,RR,4700.0
ZAMBOANGA DEL SUR,ZAMBOANGA CITY,TETUAN,ESTRADA ST,INTERIOR LOT,RR,3100.0
ZAMBOANGA DEL SUR,ZAMBOANGA CITY,TETUAN,ATILANO,,CR,5100.0
ZAMBOANGA DEL SUR,ZAMBOANGA CITY,TETUAN,ATILANO,,RR,4600.0
ZAMBOANGA DEL SUR,ZAMBOANGA CITY,TETUAN,ATILANO,INTERIOR LOT,RR,3000.0
ZAMBOANGA DEL SUR,ZAMBOANGA CITY,TETUAN,DON TORIBIO ST,,CR,5100.0
ZAMBOANGA DEL SUR,ZAMBOANGA CITY,TETUAN,DON TORIBIO ST,,RR,4600.0
ZAMBOANGA DEL SUR,ZAMBOANGA CITY,TETUAN,DON TORIBIO ST,INTERIOR LOT,RR,3000.0
ZAMBOANGA DEL SUR,ZAMBOANGA CITY,TETUAN,BURGOS,,RR,4600.0
ZAMBOANGA DEL SUR,ZAMBOANGA CITY,TETUAN,BURGOS,INTERIOR LOT,RR,3000.0
ZAMBOANGA DEL SUR,ZAMBOANGA CITY,TETUAN,NATIVIDAD ST,,CR,5100.0
ZAMBOANGA DEL SUR,ZAMBOANGA CITY,TETUAN,NATIVIDAD ST,,RR,4700.0
ZAMBOANGA DEL SUR,ZAMBOANGA CITY,TETUAN,NATIVIDAD ST,INTERIOR LOT,RR,3100.0
ZAMBOANGA DEL SUR,ZAMBOANGA CITY,TETUAN,FALCATAN,,CR,5100.0
ZAMBOANGA DEL SUR,ZAMBOANGA CITY,TETUAN,FALCATAN,,RR,3300.0
ZAMBOANGA DEL SUR,ZAMBOANGA CITY,TETUAN,ALL OTHER STREETS,,CR,5000.0
ZAMBOANGA DEL SUR,ZAMBOANGA CITY,TETUAN,ALL OTHER STREETS,None,RR,4500.0
ZAMBOANGA DEL SUR,ZAMBOANGA CITY,TETUAN,ALL OTHER STREETS,INTERIOR LOT,RR,3100.0
ZAMBOANGA DEL SUR,ZAMBOANGA CITY,TETUAN,ALL OTHER STREETS,INTERIOR LOT,A50,220.0
ZAMBOANGA DEL SUR,ZAMBOANGA CITY,TETUAN,BEL-AIR SUBDIVISION,,RR,4600.0
ZAMBOANGA DEL SUR,ZAMBOANGA CITY,TETUAN,ST. IGNATIUS SUBDIVISION,,RR,4600.0
ZAMBOANGA DEL SUR,ZAMBOANGA CITY,TICTAPUL,ALL STREETS,,RR,500.0
ZAMBOANGA DEL SUR,ZAMBOANGA CITY,TICTAPUL,ALL STREETS,,A50,50.0
ZAMBOANGA DEL SUR,ZAMBOANGA CITY,TICTAPUL,ALL STREETS,INTERIOR LOT,RR,200.0
ZAMBOANGA DEL SUR,ZAMBOANGA CITY,TICTABON,ALL STREET,,RR,150.0
ZAMBOANGA DEL SUR,ZAMBOANGA CITY,TICTABON,ALL STREET,,A50,50.0
ZAMBOANGA DEL SUR,ZAMBOANGA CITY,TIGBALABAG,ALL STREETS,,RR,500.0
ZAMBOANGA DEL SUR,ZAMBOANGA CITY,TIGBALABAG,ALL STREETS,,A50,50.0
ZAMBOANGA DEL SUR,ZAMBOANGA CITY,TOLOSA,ALL STREET,,RR,500.0
ZAMBOANGA DEL SUR,ZAMBOANGA CITY,TOLOSA,ALL STREET,,A50,50.0
ZAMBOANGA DEL SUR,ZAMBOANGA CITY,TUGBUNGAN,ALL STREETS,,CR,5000.0
ZAMBOANGA DEL SUR,ZAMBOANGA CITY,TUGBUNGAN,ALL STREETS,,RR,3200.0
ZAMBOANGA DEL SUR,ZAMBOANGA CITY,TUGBUNGAN,ALL STREETS,,I,4200.0
ZAMBOANGA DEL SUR,ZAMBOANGA CITY,TUGBUNGAN,TALON TALON LOOP,,CR,5000.0
ZAMBOANGA DEL SUR,ZAMBOANGA CITY,TUGBUNGAN,TALON TALON LOOP,,RR,3100.0
ZAMBOANGA DEL SUR,ZAMBOANGA CITY,TUGBUNGAN,ALL OTHER STREETS,,CR,4300.0
ZAMBOANGA DEL SUR,ZAMBOANGA CITY,TUGBUNGAN,ALL OTHER STREETS,None,RR,2100.0
ZAMBOANGA DEL SUR,ZAMBOANGA CITY,TUGBUNGAN,ALL OTHER STREETS,None,A50,250.0
ZAMBOANGA DEL SUR,ZAMBOANGA CITY,TUGBUNGAN,SANDS SUBDIVISION,,RR,2900.0
ZAMBOANGA DEL SUR,ZAMBOANGA CITY,TUGBUNGAN,ALL OTHER SUBDIVIVSION,None,RR,2500.0
ZAMBOANGA DEL SUR,ZAMBOANGA CITY,TUGBUNGAN,ALL SOCIALIZED HOUSING SUBDIVISION,,RR,1500.0
ZAMBOANGA DEL SUR,ZAMBOANGA CITY,TALUNGATUNG,ALL STREETS,,RR,1100.0
ZAMBOANGA DEL SUR,ZAMBOANGA CITY,TALUNGATUNG,ALL STREETS,,I,2500.0
ZAMBOANGA DEL SUR,ZAMBOANGA CITY,TALUNGATUNG,ALL STREETS,,A50,50.0
ZAMBOANGA DEL SUR,ZAMBOANGA CITY,TALUNGATUNG,ALL STREETS,INTERIOR LOT,RR,400.0
ZAMBOANGA DEL SUR,ZAMBOANGA CITY,TUMAGA,ALL STREETS,INTERIOR LOT,CR,5100.0
ZAMBOANGA DEL SUR,ZAMBOANGA CITY,TUMAGA,ALL STREETS,INTERIOR LOT,RR,3300.0
ZAMBOANGA DEL SUR,ZAMBOANGA CITY,TUMAGA,ALL STREETS,INTERIOR LOT,A50,230.0
ZAMBOANGA DEL SUR,ZAMBOANGA CITY,TUMAGA,ALL STREETS,INTERIOR LOT,CR,3400.0
ZAMBOANGA DEL SUR,ZAMBOANGA CITY,TUMAGA,ALL STREETS,INTERIOR LOT,RR,2200.0
ZAMBOANGA DEL SUR,ZAMBOANGA CITY,TUMAGA,A & W SUBDIVISION,,RR,2800.0
ZAMBOANGA DEL SUR,ZAMBOANGA CITY,TUMAGA,SAN IGNACIO SUBDIVISION,,RR,7300.0
ZAMBOANGA DEL SUR,ZAMBOANGA CITY,TUMAGA,WOODRIDGE SUBDIVISION,,RR,7300.0
ZAMBOANGA DEL SUR,ZAMBOANGA CITY,TUMAGA,ALL OTHER SOCIALIZED SUBDIVISION,,RR,1400.0
ZAMBOANGA DEL SUR,ZAMBOANGA CITY,TUMAGA,ALL OTHER SUBDIVISION,,RR,2800.0
ZAMBOANGA DEL SUR,ZAMBOANGA CITY,TUMALUTAP,ALL STREETS,,RR,200.0
ZAMBOANGA DEL SUR,ZAMBOANGA CITY,TUMALUTAP,ALL STREETS,,A50,50.0
ZAMBOANGA DEL SUR,ZAMBOANGA CITY,TUMITUS,ALL STREETS,,RR,500.0
ZAMBOANGA DEL SUR,ZAMBOANGA CITY,TUMITUS,ALL STREETS,,A50,50.0
ZAMBOANGA DEL SUR,ZAMBOANGA CITY,TUMITUS,ALL STREETS,Interior Lot,RR,200.0
ZAMBOANGA DEL SUR,ZAMBOANGA CITY,VICTORIA,ALL LOTS,,RR,1000.0
ZAMBOANGA DEL SUR,ZAMBOANGA CITY,VICTORIA,ALL LOTS,None,A4,60.0
ZAMBOANGA DEL SUR,ZAMBOANGA CITY,VICTORIA,ALL LOTS,None,A50,50.0
ZAMBOANGA DEL SUR,ZAMBOANGA CITY,VICTORIA,ALL LOTS,INTERIOR LOT,RR,500.0
ZAMBOANGA DEL SUR,ZAMBOANGA CITY,VITALI,ALL STREETS,,CR,2000.0
ZAMBOANGA DEL SUR,ZAMBOANGA CITY,VITALI,ALL STREETS,,RR,600.0
ZAMBOANGA DEL SUR,ZAMBOANGA CITY,VITALI,ALL STREETS,,A50,50.0
ZAMBOANGA DEL SUR,ZAMBOANGA CITY,VITALI,ALL STREETS,INTERIOR LOT,RR,300.0
ZAMBOANGA DEL SUR,ZAMBOANGA CITY,ZAMBOWOOD,ALL STREETS,INTERIOR LOT,CR,2700.0
ZAMBOANGA DEL SUR,ZAMBOANGA CITY,ZAMBOWOOD,ALL STREETS,INTERIOR LOT,RR,1600.0
ZAMBOANGA DEL SUR,ZAMBOANGA CITY,ZAMBOWOOD,ALL STREETS,INTERIOR LOT,I,2500.0
ZAMBOANGA DEL SUR,ZAMBOANGA CITY,ZAMBOWOOD,ALL STREETS,INTERIOR LOT,A50,190.0
ZAMBOANGA DEL SUR,ZAMBOANGA CITY,ZAMBOWOOD,ALL STREETS,INTERIOR LOT,RR,1100.0
ZAMBOANGA DEL SUR,ZAMBOANGA CITY,ZAMBOWOOD,FUTURA HOMES FILINVEST,,RR,4100.0
ZAMBOANGA DEL SUR,ZAMBOANGA CITY,ZAMBOWOOD,ALL OTHER SUBDIVISION,,RR,2500.0
ZAMBOANGA DEL SUR,ZAMBOANGA CITY,ZAMBOWOOD,ALL SOCIALIZED HOUSING SUBDIVISION,,RR,1200.0
ZAMBOANGA DEL SUR,ZAMBOANGA CITY,ZAMBOWOOD,=,=,=,
